Respondent;Respondent Weight;Level 1;Level 2;Level 3;Level 4;Level 5;Level 6;Level 7;Level 8;Level 9;Level 10;Level 11;Level 12;Level 13;Level 14;Level 15
4057267;1;-0.829392671531549;-1.66882379600313;2.57007744430808;0.152021489729198;-0.353777096852187;0.359120973056281;0.692770739714939;1.33313602607948;1.26114870373312;-0.358034120098576;-0.505460667112477;0.0609921357107499;0.807606593127855;-2.22543354754558;-1.29595220631621
4057341;1;0.744973832175796;1.45660520974338;-2.45093980322558;-0.525191289245992;1.33316566797491;-0.614086749058789;-2.13661800023162;-1.34949113937072;-0.719448786837206;0.553861616442018;2.87807956035389;0.871496879013081;0.987686783605306;1.31454933956766;-2.34464312090613
4057620;1;3.77614036118328;-2.81660176706067;-2.69695147686831;-2.2221884147596;4.12830386478906;2.71035193088784;1.16927967725825;0.694341011598857;-2.11660786419539;1.91385384731284;-2.28608418013283;1.91307857736915;0.708848693563252;-3.01080611075581;-1.86495815018993
4057634;1;0.39722884945745;0.137274016345365;-0.902684255584252;0.506904341040999;0.864139188765048;-0.130041062906234;-0.287609763971118;-0.955176869623255;-1.56648813976783;0.00801024494242632;-1.32027996363503;0.787594332402676;-0.705485907110398;0.716067802551195;2.45054718709296
4058055;1;-0.829524310497888;-1.66841673021741;2.56998220602525;0.151653954972367;-0.353840371772941;0.35894772013923;0.692591793603923;1.33306439200369;1.26065430588299;-0.357856675825778;-0.505351873544099;0.0609554035917531;0.807846961245771;-2.22529396997344;-1.29541280563343
4058415;1;3.77573026139048;-2.81622199544138;-2.69667285016087;-2.22189996312664;4.12791670653497;2.70998565461728;1.16908795283896;0.69412555476761;-2.11661669682236;1.91365316079889;-2.28598949730745;1.91295189822936;0.708715389703833;-3.01033223441893;-1.86443334160378
4058751;1;-0.311818823093305;-1.89929633669711;2.17709150131318;-1.28712420379603;0.450186877596735;1.70754950258738;-0.60303006329823;0.232170805149838;0.413037058785141;1.15948183725119;1.73493408770824;-2.66676708732554;0.13083642951971;1.36957084273035;-2.60682242843156
4058933;1;0.315579644808583;-1.63370131504155;-1.22047247603726;1.97723210025552;0.0215884826586819;2.38485888303454;0.954232191830725;-1.35739741571663;2.78085927627014;-1.3526885956891;0.642035840541174;0.908799330697418;-1.28530326908157;-2.18781873410203;-0.947803944428657
4059152;1;0.745040387246904;1.4568216499367;-2.45123450165412;-0.525172069657062;1.33322585414748;-0.614226862304659;-2.13674608016146;-1.34958834767116;-0.719492622313982;0.553840744291312;2.87824029966595;0.871696033822024;0.987773764806376;1.31455946640311;-2.34473771655743
4059167;1;-1.97796067909598;0.862996007701489;1.85270513276613;-2.2119896800889;-0.727402942639516;-0.716529191332252;-0.369194845048787;1.37417078261547;-1.70216542168739;0.536618311456333;-0.716930719046799;-0.124128649008629;2.61630325236066;-1.09516476230814;2.3986734033563
4059261;1;0.399068756050661;0.135159991064627;-0.902336266490954;0.504772086183897;0.866062850189612;-0.127956044559957;-0.286880426303857;-0.954711482570139;-1.56685838064859;0.00973510768855744;-1.32112987331592;0.788288335271133;-0.703759638154262;0.713464382479862;2.44708060311533
4059293;1;0.783758282495251;1.05648860040248;0.680367976614372;0.689069375621839;0.465140257220574;0.102751769066866;0.591682573371663;0.690791935402898;0.745012124839193;-0.198444456659204;-3.85847497767863;-0.467020873307597;-1.52740334245796;1.28803097926923;-1.04175022420098
4061777;1;0.634170359139559;0.00870430073658937;-3.28459270400794;-0.174875263931028;1.09756786488152;2.34857506118318;1.91136982666172;2.9250840908164;2.53810356242932;-2.16910393128167;-2.98966983251366;0.0704608544528572;-2.11605596068168;-2.07844243026063;1.27870420237545
4061809;1;0.419745261299879;0.173485469839784;-0.894566967758335;0.497619430031788;0.852890925684681;-0.0579240560142019;-0.194775774800486;-0.78728762567052;-1.36447061165005;-0.0554377060304385;-1.47101957208508;0.715824312884508;-0.776113823732425;0.670543118980127;2.27148761902077
4061974;1;-1.7561933651483;0.799943772271719;1.58379962482177;-1.94942211974041;-0.580158691188575;-0.6667478293417;-0.361745911435057;1.15741765361847;-1.68845351992656;0.480386376972272;-0.771908599283622;-0.0393741091416326;2.29549463438592;-0.917716616007801;2.41467869914351
4061975;1;0.372038559749033;0.294818262159975;2.78760365476864;-1.48882395587189;-0.490381964201657;-0.381912054430185;-0.485034748342831;-1.78715187202993;-2.10674172974622;1.87650834434158;3.89285907718939;0.0695946764374825;0.787763970735014;-3.09838127069444;-0.242758950063966
4061980;1;0.80460477217491;-2.08502343721066;0.476892346348592;1.21945851852355;1.53110718605901;0.81615781303791;2.17204221131277;-0.396594606229207;-0.0638560157425649;-0.153720781584914;1.61253895241815;-2.0582737845249;-1.50215441430772;-0.925974104735053;-1.44720465553989
4061985;1;0.397234097189176;0.137270810683061;-0.902729627171626;0.506892100082742;0.86414263302884;-0.129986678454622;-0.28755783613538;-0.955089770038338;-1.56639699044967;0.00796250833239354;-1.3203281213595;0.787576152493303;-0.705520634744599;0.716008280686257;2.45052307585796
4061991;1;0.783929940023378;1.05321785535487;0.679400717432591;0.68997503853992;0.46646268171123;0.103363444358453;0.593416949320717;0.689322384504884;0.743798368300481;-0.198609291882325;-3.8526549476107;-0.468322899088402;-1.5276605107397;1.28565060761377;-1.04129033783916
4061995;1;-1.98666324596071;0.870866456453986;1.84991431531216;-2.2123092934229;-0.73473481336578;-0.724189436691525;-0.369680228527706;1.38351798230603;-1.70150686192824;0.530941561820381;-0.713219173028178;-0.127880372104955;2.6166730339925;-1.09257142265935;2.41084149780428
4062037;1;1.16288371031992;-2.10990133717491;2.84465773345815;-2.15064983989097;2.06649081588276;2.19564230920707;-0.172567145859354;-1.94528839182833;-1.92118925124926;2.60325705081757;-2.53319613402343;1.29979819378179;2.6305016407019;-1.92342573370692;-2.047013620436
4062039;1;0.402599621355308;0.165327907219595;-0.859263111423744;0.469237849024511;0.857367087219071;-0.157590102542806;-0.304106347498251;-0.98215333219799;-1.58979099068413;-0.00584160025080789;-1.27320582306721;0.810708015010122;-0.690030912674212;0.723334815300054;2.43340692521049
4062147;1;-0.82919985056368;-1.6690336398436;2.56995996239812;0.151644804069275;-0.35348960111798;0.359640978085667;0.692379977542247;1.33282093627934;1.26103932015711;-0.357589438560392;-0.50473548528251;0.0600320747222172;0.807291969482762;-2.22419450915427;-1.2965674982143
4062172;1;1.63907210247696;-1.03999703082627;2.52425931064171;-0.540671765680301;1.10312612615362;2.06141172937209;2.49399244222762;-1.77090605104719;-1.90830148488034;-0.758668657156209;2.14656398726754;1.48720376463154;0.105154567563743;-3.00172101645125;-4.54051802429326
4062173;1;0.314038183979893;-1.64003301342631;-1.21561644301456;1.98120372281903;0.0187560422504428;2.38967512412527;0.960417310304061;-1.35576439972929;2.78694902415063;-1.35592118722368;0.63684181028447;0.908246468969766;-1.2886783350865;-2.19491996979471;-0.945194338608508
4062530;1;1.17057003321645;-2.11371110359282;2.83525906775134;-2.15041180855326;2.07273964025883;2.19912039782848;-0.169895779747972;-1.9434515598586;-1.92154668630344;2.60368171584383;-2.53453403812863;1.30212499509632;2.62660069927698;-1.92585486419332;-2.05069070889418
4062549;1;0.783485491613387;1.05646491079311;0.679857084973378;0.688913307804192;0.465142735999322;0.102497079347742;0.591405815034898;0.690428210388518;0.744178062256946;-0.198426732519764;-3.85781629335897;-0.466581965437414;-1.52701261688176;1.28780785510011;-1.0403429451137
4068078;1;-0.696861173633263;-1.69529346290185;2.40516079911629;0.235547284094347;-0.206212909278063;0.389801923850604;0.810104041926393;1.18847845665647;1.14739034821186;-0.338626658406118;-0.328728041990118;-0.10080424081234;0.625343642926326;-2.13381575073485;-1.30148425902569
4068123;1;-0.828552228955993;-1.66913727563306;2.57019416619059;0.151208841944767;-0.352768178106165;0.359923407245139;0.692488570827174;1.33186201527286;1.26002678476101;-0.356908238086475;-0.50635645185039;0.0615031771863223;0.808271073951804;-2.22534099901457;-1.29641466573302
4068137;1;0.371950143261029;0.295132971159064;2.78759233083525;-1.48871321274208;-0.49071410649459;-0.382230548898692;-0.4850228546959;-1.78712909605958;-2.10676415408128;1.87635653196322;3.89373560390533;0.0694470953880238;0.787491365691499;-3.09854679396632;-0.242585275264983
4068154;1;0.31932002529502;-1.64393803200191;-1.20444713389637;1.977086756396;0.0322007727472252;2.377369599134;0.972073933860337;-1.34948948552423;2.76384145744549;-1.34713050821803;0.645480796811354;0.884116436878296;-1.29247138552435;-2.18519780035409;-0.948815433048729
4068170;1;0.782917504913033;1.055013916622;0.681240529014229;0.688977933546832;0.464694162077382;0.102810348658481;0.59178585951646;0.691113500641642;0.745321506885475;-0.198660803771089;-3.85670952413701;-0.466582560705209;-1.52626519017384;1.28606038862081;-1.0417175717092
4068193;1;-0.675441720541238;-1.41163946709014;2.37486751687572;0.200410795359332;-0.273069842167651;0.342651443320058;0.687863564054079;1.27969552919269;1.21824529636526;-0.349875635290861;-0.823556776807629;0.0123706845456281;0.581850656873142;-1.90104397886804;-1.26332806582035
4068200;1;0.313302983075181;-1.63997797566178;-1.21335533109253;1.98000071997487;0.0184915953528942;2.3884553955436;0.960223870561751;-1.35395968300357;2.78609337788497;-1.35536276815424;0.63596070615804;0.907802439809305;-1.28736733536218;-2.19498332585213;-0.945324669234174
4068201;1;-0.827964833121215;-1.6689141455518;2.5654060397468;0.154417520503971;-0.353310550042471;0.361679578474059;0.693166866591975;1.32987620079533;1.26322618516023;-0.359359886611984;-0.504109000737323;0.0620453190119904;0.804934782999146;-2.22542371335563;-1.29567036386308
4068202;1;-0.314510016784031;-1.89801272970411;2.17889236981797;-1.27807153287584;0.445831101936167;1.69947290478179;-0.594727259422961;0.238387481879794;0.417817377148729;1.15030808513297;1.72189760603851;-2.65077846070255;0.134305082824208;1.3480746380333;-2.59888664810394
4068206;1;0.782455806112429;1.05322971760036;0.674092677869479;0.688622320822802;0.466707061524357;0.10177325176953;0.588403928745626;0.684503029481809;0.736275972504035;-0.197783709085186;-3.84920017732134;-0.462172926443622;-1.52460750767347;1.28607429794108;-1.02837374384789
4068219;1;0.397310917199582;0.13724737873076;-0.903480312832486;0.506659470234381;0.864207263128112;-0.129164181527449;-0.286814599511273;-0.953767090241168;-1.56499774613835;0.00724013868189006;-1.32092435137893;0.787313148670272;-0.70599015513325;0.71508690363561;2.4500732164823
4068228;1;-1.918330060624;0.852931596374122;1.87687795675083;-2.19117719992514;-0.727039143712371;-0.713120504230268;-0.373173000982031;1.29225702789933;-1.71191614122925;0.569557715760089;-0.580334389577862;-0.123587363521814;2.5629974709559;-1.14817338650139;2.33222942256386
4068241;1;-0.829282837517638;-1.66898612829024;2.56998041028892;0.151979655085817;-0.353639610741546;0.359380850814388;0.692672596344194;1.33301414103508;1.26122634400113;-0.357923394689101;-0.505185718119831;0.0606042254402027;0.807391575797105;-2.22494868155176;-1.29628342789672
4068253;1;1.62937750466818;-1.0511177886166;2.49980680201287;-0.514962190881913;1.10697915095914;2.04551379593889;2.49519529302359;-1.75585138166446;-1.88597951756181;-0.756967610141116;2.14578694431731;1.44496271377719;0.0817956963033344;-2.97846317871301;-4.50607623342159
4068266;1;1.58496006603339;-0.982406228889088;2.53748665399209;-0.577729017408535;1.03384057412452;1.95831690294795;2.37215180970465;-1.77221130151009;-1.9159124624303;-0.652683588211319;2.22590409937197;1.42719698626048;0.130997325358222;-3.006391366448;-4.36352045289593
4068285;1;0.40152282427285;0.147644294008072;-0.88479201417391;0.508890892537244;0.859606509239944;-0.127435075576527;-0.277708566488942;-0.936584005124543;-1.54046361941333;0.00569681458038202;-1.34885269727141;0.773444942642794;-0.714662380004844;0.722464372590639;2.41122770818158
4068289;1;0.314706164980717;-1.64000638374566;-1.21777929854059;1.98221536898946;0.0190099944604864;2.39080852141899;0.960606400265373;-1.3572371960389;2.78776943395302;-1.35648198177909;0.63747117002723;0.908668523960862;-1.28989379409402;-2.19488071435635;-0.944976209501534
4068294;1;0.314717413700243;-1.63999977480715;-1.21794680677926;1.98231191605158;0.0189380378872;2.39095190648247;0.960537329764792;-1.35740830447668;2.78794603311812;-1.35655341744132;0.6374931674045;0.908856435755306;-1.28992532709613;-2.19494358635534;-0.944975023208337
4068304;1;0.634184469006281;0.00925427234561993;-3.2878682870622;-0.176097376262523;1.09811675141714;2.34997849487822;1.91255441573278;2.92897395451124;2.54032474813952;-2.17079528470354;-2.99208693816153;0.0701120771110417;-2.11717078730744;-2.08001145604763;1.28053094640301
4068311;1;4.12174017116615;-1.50464639770901;-3.6887687756904;2.58226049452165;3.78539099884626;1.08970797309034;2.79039671983791;-3.54175410891604;-2.89430151897519;-1.83849609132939;-3.44493451944559;4.00831235130753;-0.764354101078192;2.69018097001895;-3.39073416564498
4068314;1;0.398158590569882;0.139487133316741;-0.898857853709445;0.507342087867233;0.863174548977148;-0.129476510225977;-0.285485901555963;-0.951202574573936;-1.56091067944607;0.00751308244983412;-1.32640609606083;0.784562356141874;-0.707469027552577;0.717446832045417;2.44212401175666
4068320;1;0.783922431314818;1.05671692004235;0.680096376384722;0.689314332291071;0.465193926827343;0.10265536250436;0.59173878285568;0.690744927455797;0.745042398788131;-0.198566785808339;-3.85882789793929;-0.466931070674509;-1.52772584607567;1.28824493906673;-1.04161879703319
4068322;1;0.315391710351601;-1.63440801435875;-1.22366239288862;1.97436002132355;0.0224560505612498;2.39010976944576;0.963666891346863;-1.34192373208487;2.78660119458445;-1.35898027943196;0.624770393197177;0.905721876065342;-1.29200631174026;-2.19456550356375;-0.9375316728078
4068326;1;0.381853823012784;0.284711528453673;2.78555629201423;-1.48128401142943;-0.478273689895461;-0.363128262101781;-0.461707623246285;-1.78701597631551;-2.10521436706249;1.85572021398657;3.88013452344721;0.0805348285356592;0.782136060292478;-3.09780121716965;-0.276222122521992
4068330;1;0.316625088093008;-1.64176815246965;-1.21148347567021;1.97976097227742;0.0248196451312178;2.38464978638625;0.965628736566847;-1.35354134582208;2.7770247538824;-1.35220774905058;0.640919388238443;0.897643631810766;-1.29083307807027;-2.1905150904444;-0.946723110859153
4068333;1;1.1623153895178;-2.11088394347035;2.84434331801255;-2.1456653495658;2.0644330318613;2.19457596346125;-0.170677989825036;-1.94189361013463;-1.91496668792368;2.59917999034212;-2.53172293091895;1.2982172674458;2.62583700541955;-1.92340619989259;-2.04968525432934
4068335;1;0.371926699605262;0.295157258505635;2.78759723643486;-1.48873099056896;-0.490743770508135;-0.382275898747126;-0.485079573618943;-1.78712974392242;-2.10676715919901;1.87640681884348;3.89376950002318;0.069419082445053;0.787503441851162;-3.09854730393989;-0.242505597204135
4068340;1;-1.98659977596526;0.870726655766945;1.84995387541317;-2.21217921983323;-0.734713925139188;-0.724129735437988;-0.369621703024766;1.38351551394556;-1.70134378164574;0.530892775174201;-0.713207972031163;-0.127870169507757;2.61657366394021;-1.0926338929529;2.41063769129792
4068360;1;0.863821689400968;-2.11229829195174;0.373223026264161;1.36946201050603;1.6002457894366;0.778232270295249;2.33482439496077;-0.416457058791693;-0.0710819019475086;-0.237927274261082;1.58587536768737;-2.03996165687044;-1.60171041479934;-1.03076381909924;-1.3954841308301
4068364;1;0.314709802288087;-1.63999989122067;-1.21795004910383;1.98232448980065;0.0189307289060557;2.39095039590471;0.96053560866584;-1.35741178304413;2.78796037536904;-1.35655884508261;0.637497825104675;0.908850044135969;-1.28993241365416;-2.19493891706462;-0.944967371005025
4068367;1;-0.825024381726186;-1.66215071983112;2.56501802991726;0.153367273443954;-0.351303666812621;0.35867438910471;0.692597769484753;1.33102352855945;1.25942217746304;-0.35742107192018;-0.51367655801869;0.0595707166703691;0.801613052243339;-2.21645510494248;-1.29525543363559
4068369;1;0.397431888980506;0.137160411565825;-0.904731735835689;0.506320323139847;0.864339038284557;-0.127907363182179;-0.285715217345161;-0.951838754245021;-1.56295769735064;0.00613641214061239;-1.32172249049604;0.786977643428343;-0.706702178261087;0.713662203816898;2.44954751535923
4068372;1;0.864660333731177;2.57881345018594;2.87578335259718;-2.77112480966946;0.274867764481249;-2.5275336620013;-1.72346083840763;-3.30282948287849;-3.59428123110073;-1.19735668378624;2.77687396121742;2.79905037457983;0.639702499975573;1.34855152407869;0.958283446996802
4068387;1;0.315202396842616;-1.63698547459075;-1.2209093890898;1.97866854792033;0.0207825002594466;2.39007969491501;0.961517172394971;-1.35097593084646;2.78619662407129;-1.35732152517979;0.631503683042202;0.907601324524627;-1.29095671566907;-2.19382778000989;-0.940575128584746
4068394;1;0.634176010405866;0.00925860266112057;-3.28782925333307;-0.176095051298988;1.09810934752423;2.34994573986529;1.91252717291799;2.92893195343625;2.54027478950562;-2.17076647548569;-2.99206683496765;0.0701175904565188;-2.1171455361427;-2.07997972721172;1.28054167166693
4068398;1;0.319868287073474;-1.6221235334537;-1.23775536711754;1.95569172196313;0.0356175457107217;2.38622112958866;0.975198829855626;-1.30524933793799;2.77754265275564;-1.36304540060335;0.597924858723882;0.891344154163358;-1.30035334314822;-2.19052558947938;-0.9203566080943
4068416;1;-1.98564543955371;0.868635704635723;1.85054455491302;-2.21023203602843;-0.73439892472795;-0.723237043624346;-0.368747752105295;1.38347205044344;-1.69890552651717;0.530161387739974;-0.713036409081608;-0.127715405887291;2.61508209817713;-1.09356339287968;2.40758613449619
4068434;1;0.398200541862139;0.139599373285103;-0.898683562951531;0.507321456975199;0.863135270585887;-0.129488166435267;-0.285428649276819;-0.951093052911145;-1.56073839004029;0.00747912648534555;-1.32657573916573;0.78448451496515;-0.707525132030066;0.717504560861424;2.4418078477906
4068436;1;-0.829382993274187;-1.6689521202954;2.57009935810896;0.152152969737191;-0.353773792338329;0.35916414698797;0.692837749041016;1.3332103791096;1.26133869092392;-0.358125476841906;-0.505527264231075;0.060995813450061;0.807531517724074;-2.22546482819413;-1.29610414990776
4068463;1;0.634184466095171;0.00925427628283116;-3.28786771636109;-0.176097134227409;1.09811661160243;2.3499782515836;1.91255420770474;2.92897341677839;2.54032456552432;-2.17079501330834;-2.99208678646194;0.0701120733680516;-2.11717066994867;-2.0800110920303;1.28053054339822
4068507;1;-0.302752656433198;-1.90096341902585;2.16324447609996;-1.26707041916277;0.459102202694015;1.70068261893482;-0.580807547158491;0.227024834886955;0.409204161096506;1.14905799742936;1.73415828374854;-2.66241047679483;0.11749910820176;1.35181571471268;-2.59778487922946
4068526;1;0.378432586178761;0.143128131442722;-0.880836228202854;0.485350755371381;0.851502900720108;-0.134799968824418;-0.288293819342528;-0.936791874295492;-1.56760852489134;0.0120969092480928;-1.31536378615042;0.780429448639694;-0.679233550287252;0.701806463630696;2.45018055676285
4068546;1;0.681396473253641;-0.0333625975673452;-3.27881828169688;-0.206686460665054;1.1435876156774;2.35539898228388;1.90130290405841;2.8950337805091;2.47032882459261;-2.10931918374796;-2.98118212680004;0.0978874347148131;-2.07461671899478;-2.0940136905786;1.23306304496082
4068557;1;0.397229328531199;0.137272906666236;-0.902678338572924;0.506906942006258;0.864137846575086;-0.130038845885469;-0.287603369208626;-0.955171608175294;-1.56648300951965;0.0080085370362913;-1.32029218231715;0.787590162518844;-0.705491194606053;0.716067033604361;2.45054579134689
4068559;1;4.34682780770128;-1.60445420459654;-3.85711697051831;2.70623485819924;3.96220423162137;1.16395656087727;2.97593189340062;-3.69702287821589;-2.9746080788469;-1.94895940263221;-3.57278037533382;4.20256169477532;-0.767360669598826;2.80770805606661;-3.74312252289921
4068562;1;0.745040082065849;1.45682049198214;-2.4512331426823;-0.525171163206296;1.33322544238223;-0.614226437671354;-2.13674445665442;-1.34958800166393;-0.719493366349943;0.553840264792012;2.87823661290055;0.871695960770717;0.987772278030541;1.31455894084483;-2.34473350554062
4068569;1;0.782999400550618;1.05029664427486;0.65593843330378;0.684035451538932;0.469030439315859;0.116419156159703;0.599859611490477;0.704496517722513;0.756141854737662;-0.210638840236075;-3.85356495572628;-0.463695357256876;-1.53133117908799;1.26761074772977;-1.02759792451695
4068580;1;4.34700337403135;-1.60407094926849;-3.85747940696383;2.70778425942727;3.96214882212536;1.16346829376926;2.97649717487968;-3.69840300093035;-2.97487720879931;-1.95017348466532;-3.57318271312535;4.20327923423431;-0.767825210096878;2.80953776262737;-3.74370694724508
4068605;1;-1.87597810091992;0.836811368254162;1.72212230263367;-2.08605618630518;-0.660502404429314;-0.696601782565231;-0.365864072715541;1.27494392465523;-1.69522365186696;0.506660870310386;-0.741420730530651;-0.0853831782919484;2.46242171542377;-1.00859398950143;2.41266391584895
4068614;1;0.397552442692853;0.137586337049302;-0.90213851409476;0.507073066623177;0.864097899793306;-0.129889377952553;-0.287103649330989;-0.954597389575267;-1.56557657120562;0.00784245867014795;-1.32144536342324;0.787207276165125;-0.705836598818553;0.716392782469039;2.44883520093803
4068643;1;4.34595552791612;-1.60370379548941;-3.85534421729281;2.70672332474394;3.96107115723865;1.16362832262245;2.97616319387538;-3.69750461142537;-2.974264659611;-1.94969278264918;-3.57162594388574;4.20212915743201;-0.767647395738346;2.80780697398044;-3.74369425171712
4068666;1;0.371929145408434;0.295156706513942;2.78759761475457;-1.48872979840089;-0.490742652712702;-0.382274604144209;-0.48507693331191;-1.78713200588205;-2.10676820551654;1.87640550154264;3.8937710362374;0.0694213383538721;0.787502153991922;-3.09855001971569;-0.242509277118806
4068687;1;0.397217336425185;0.137275264524336;-0.902668965490612;0.506893478827379;0.864131056393538;-0.130043049573646;-0.287607120527033;-0.955165532177781;-1.56649020823076;0.00801171490686346;-1.3202840174263;0.787590037908137;-0.705473414124911;0.716058524112545;2.45055489445307
4068718;1;0.632995955756542;0.00898709054975689;-3.27646922444516;-0.172050678549523;1.09656002508551;2.33922591264804;1.90252199445947;2.90995988666707;2.52261181511069;-2.16092349343617;-2.98301340097193;0.0736463640928478;-2.11062591686667;-2.06792159101249;1.284495260912
4068765;1;0.745040377946513;1.45682145867269;-2.4512343835109;-0.525171944630194;1.33322582424412;-0.614226736941617;-2.13674586340831;-1.34958832006788;-0.719492504266576;0.553840667684397;2.87824019833868;0.871695950175448;0.987773626006699;1.31455929938477;-2.34473764962783
4068782;1;1.63845249285002;-1.03790902114137;2.52709800518574;-0.538532706169025;1.10054370853278;2.06111065213813;2.49717889470435;-1.77230044297082;-1.90843788996272;-0.763257773730568;2.15334885652597;1.48758982065741;0.10273357260681;-3.00294481140292;-4.54467335782379
4068790;1;-0.794394601360235;-1.67884361200359;2.56633085571331;0.0961994097918985;-0.308037852331296;0.407513905139211;0.657860951208845;1.27104007926344;1.20508077378162;-0.292312047648443;-0.489977163485721;0.0263756107513183;0.818255065571226;-2.15516747859595;-1.32992389579563
4068820;1;4.34442997222884;-1.60293800327555;-3.85555469589572;2.70635177772716;3.96012963961345;1.16262784775331;2.97437166315567;-3.69661622528955;-2.97395552761121;-1.94889902097293;-3.57171290074506;4.20105401707074;-0.767785090981148;2.80817125783164;-3.73967471060965
4068838;1;1.1658639847014;-2.11267469553228;2.84560186846062;-2.1505681657193;2.06909001794655;2.19835704695356;-0.172376620144058;-1.94845231317717;-1.92140263436434;2.60519750001542;-2.53475041119972;1.30112742890054;2.63045864310197;-1.92424921565822;-2.05122243428497
4068907;1;0.397243233181776;0.137332173228181;-0.902588428906977;0.506836533638836;0.86412371013322;-0.13009011625787;-0.287630423618995;-0.955215135947508;-1.56651453261976;0.00798085161072385;-1.32021655573947;0.787629170423543;-0.705465034707664;0.716085927513407;2.45048862806856
4068934;1;0.878409217399574;-2.0876390233042;0.403327198226147;1.33570321607911;1.59246165573113;0.798061455970038;2.33224408138497;-0.444170987156242;-0.109593920963946;-0.245831773821253;1.59045388687546;-1.97412872475368;-1.57331545255014;-1.05767779585202;-1.43830303326494
4068936;1;0.864659142906442;2.57880638077524;2.87577890711223;-2.77111953202456;0.274866574865701;-2.52752632484466;-1.72345790554226;-3.30282414624576;-3.59427492369019;-1.19734682125687;2.77687768574007;2.79904147711899;0.639703077281548;1.34853929357585;0.958277114228238
4068941;1;1.63841759881741;-1.0379907207314;2.52679170511609;-0.538240944761396;1.10059406649914;2.06096215851626;2.49726067648704;-1.7721744255853;-1.90825640966693;-0.763332121054523;2.15338863287565;1.48725771533808;0.102458059891019;-3.00271643456489;-4.54441955717625
4069023;1;0.397228099241552;0.137271486737901;-0.902681683423093;0.506906377768673;0.864138163117603;-0.130039668722019;-0.28760630182485;-0.955175783964792;-1.56648842189676;0.00800921243600464;-1.32028709377608;0.787593876942002;-0.705488762077556;0.716066199633424;2.45055429980799
4069089;1;0.811096829795767;-2.06549843398659;0.210489383051773;1.43258583919026;1.44434552280739;0.94061767573163;2.19924765005922;-0.513205943238911;0.213887385782916;-0.349996465371634;1.49357443573581;-1.74707592124489;-1.57380216207484;-1.14587923925257;-1.35038655698532
4069127;1;0.864604028854719;2.57854676837083;2.87577176599149;-2.77097493250609;0.274780429314338;-2.5272830115579;-1.72331670846466;-3.30265384259107;-3.59410807078354;-1.196999435035;2.77700035265912;2.79873386227527;0.639719304048689;1.34803603573387;0.958143453689947
4069129;1;0.397228280806406;0.137271650959599;-0.902682007418658;0.506906257451801;0.86413849754648;-0.130040064063896;-0.28760660621043;-0.955176024910469;-1.56648933814477;0.00800945567432892;-1.32028710693324;0.787594019057094;-0.705488769170783;0.716066745707726;2.45055500964881
4069149;1;4.34692257765649;-1.60401300731194;-3.85738065836241;2.70773860450221;3.96207107253234;1.16344398558091;2.97644187217764;-3.69830774302731;-2.97479828096205;-1.95013376540645;-3.57318407657304;4.20317686238887;-0.767840650780963;2.80950250914638;-3.74363930156067
4069154;1;-0.628086773967656;-1.33408070071299;2.32788055451436;0.222866004124576;-0.252058373548218;0.333108964440079;0.681085813276763;1.24701784236958;1.20177125222825;-0.341034354994358;-0.914487120895016;-0.00155081325848513;0.515200473564853;-1.79374875370433;-1.2638840134374
4069196;1;1.62431411672982;-1.04246974276721;2.51417493387012;-0.527153817275648;1.09117968551339;2.05561174978978;2.48485577015648;-1.75862040054731;-1.87983983143172;-0.763747945387878;2.13770688226686;1.48006617890243;0.100643518680147;-2.99717294724865;-4.51954815125061
4069258;1;1.6380153768791;-1.03813326985276;2.52707700568586;-0.538820569174669;1.1004466600613;2.06105403460473;2.49635215850952;-1.77190324162202;-1.90797238667338;-0.76264950774792;2.15300555091327;1.4867391639894;0.10291493842894;-3.00197705669293;-4.54414885730842
4069281;1;0.397228528336345;0.137272437677033;-0.902680647999405;0.506906231001281;0.864138138587705;-0.130040053339368;-0.28760606034562;-0.955175002022033;-1.56648787141609;0.00800922223506953;-1.32028877394263;0.787593266947471;-0.705489299481782;0.716067199350172;2.45055268441185
4069322;1;-1.98663265521809;0.870826837287621;1.84992901071242;-2.21227075383379;-0.734727573069125;-0.724171824731407;-0.369665744994472;1.38349849333612;-1.70146710427488;0.53093670401347;-0.713189993301416;-0.127876454357495;2.61663593088176;-1.09259865087109;2.41077377842038
4069329;1;4.34586172951259;-1.60357825848656;-3.8572781884709;2.70687200933502;3.9612680548228;1.16383260572552;2.97615440627636;-3.69634979892443;-2.97318514575441;-1.95020806000046;-3.57300255921282;4.20199285710066;-0.768228033547591;2.80801580362184;-3.74216742199761
4069348;1;0.745033561666619;1.45683227101404;-2.45107108901291;-0.525229372019082;1.33318368606721;-0.614263258317412;-2.13671901997752;-1.3496255755586;-0.719564844461952;0.553817676516998;2.87823983349298;0.87172515919414;0.98776844685936;1.31451490497466;-2.34464238043853
4069385;1;1.63845945810131;-1.03784242547367;2.52712759356516;-0.538529333492318;1.1004847012855;2.06109130585252;2.49721657970405;-1.77231517868626;-1.90846838224349;-0.763326533005691;2.15351494918993;1.48763224172032;0.102698473036995;-3.00301017896653;-4.54473327058782
4069506;1;0.866565128935011;-2.11304212745833;0.369822739732244;1.37136563401955;1.60347790640876;0.778791387285728;2.33754486722292;-0.419188280649944;-0.0734078756902898;-0.23765833364851;1.58928690246604;-2.04352371631354;-1.60558173700617;-1.02877707320765;-1.39567542209583
4069515;1;0.2581619210826;-1.6692080232247;-0.738498872710118;1.75533167194924;0.0990563730884371;2.09677226850108;1.04006736698429;-1.05418620957529;2.42153375522122;-1.18682951607901;0.609160221023133;0.640421903688469;-1.10930413334848;-2.12674303873719;-1.03573568786369
4069590;1;0.864661410026635;2.57881318909567;2.875783824935;-2.77112453583108;0.274867997346403;-2.52753339679281;-1.72346065688111;-3.30283083479787;-3.59428144993903;-1.19735647740386;2.77687571735068;2.79905068207002;0.639701729316695;1.34855080880286;0.958281992701794
4069620;1;-1.98665924494533;0.87086514617565;1.84990956090322;-2.21230464604058;-0.734732092399216;-0.724188349964143;-0.369680075344377;1.38351412371967;-1.70150653775203;0.530940748692161;-0.713220248147478;-0.127878899769892;2.61666746041934;-1.09256841755428;2.4108414720073
4069643;1;0.779660447364857;1.02743352506729;0.577428409996167;0.668616833010373;0.48081343323208;0.162072656507044;0.625719021916578;0.745665722880855;0.792822976150285;-0.24986097086906;-3.83241319461708;-0.451963855737892;-1.54250045113291;1.1991707514367;-0.982665305205287
4069671;1;-1.98665479480237;0.870847596108408;1.84991944753201;-2.21229171614985;-0.734732002529123;-0.724181312974363;-0.369672307621724;1.38351780830706;-1.70148489608446;0.530935094711344;-0.7132178845673;-0.127879125426247;2.61665968422824;-1.09257985318977;2.41081426245815
4069695;1;-0.825035341710922;-1.66664908263485;2.56979674715821;0.149052174311673;-0.351570137075323;0.36132548632702;0.693088335243154;1.3260155328269;1.25405394496005;-0.355550924316138;-0.496901319022946;0.0606420210368128;0.806069647647376;-2.22467388153185;-1.29966320321917
4069736;1;0.634184055422409;0.00925214030183251;-3.28786519901366;-0.176094400149362;1.09811525148905;2.34997837593577;1.91255303094427;2.92896800543775;2.54032494148437;-2.17079403523428;-2.99208212642683;0.0701131640326407;-2.11716963504122;-2.08001133965833;1.28052777047559
4069742;1;1.06786118285774;-2.09089939545391;2.8320569894702;-2.03736295243298;1.9500607308081;2.10804235722699;-0.12975245209864;-1.78719380984978;-1.76499012012587;2.45947584671379;-2.43501774568824;1.24022562460517;2.54082694574181;-1.93906748165866;-2.01426572011571
4069753;1;1.12144744273105;-1.98653105958609;2.63525714023924;-2.00004710418524;1.99989610918365;2.06668432582639;-0.177967340819141;-1.88986872398292;-1.89886743269045;2.45741776952146;-2.46533134439306;1.27141216778735;2.44222086552454;-1.7768626194271;-1.79886019572966
4069831;1;0.63421472627032;0.00946589137226331;-3.28706676864781;-0.17592258579947;1.09798891908752;2.34952451554267;1.9122876145798;2.92852186683149;2.53996206900151;-2.17039688861188;-2.99226207012912;0.0700035763607152;-2.11705173148874;-2.07933103394634;1.28006189957706
4069958;1;1.17920155336886;-2.11629748232065;2.81730244267504;-2.15093472621969;2.07962976426651;2.20099713451837;-0.165533974403366;-1.93496850899778;-1.92239097869252;2.60168340594719;-2.53353715759953;1.30425287498761;2.62065582070928;-1.92977118061764;-2.0502889876217
4069969;1;0.315098052207027;-1.64026709970636;-1.2167911425501;1.98182483977884;0.0200847105777037;2.3896988201343;0.961462051297702;-1.35671744917123;2.78575487456393;-1.35570712532522;0.63809165529422;0.906747565010766;-1.29012212417931;-2.19399963207147;-0.945157995860797
4069977;1;1.61708655460512;-1.08514911514188;2.54110402507132;-0.609114377744372;1.14260618872513;2.06665310024432;2.37956346158189;-1.77926536383853;-1.90824500933647;-0.615356569282786;1.94715755406271;1.47904730196808;0.213799620949949;-2.95545856108909;-4.43442881077536
4070013;1;0.629556536021821;0.00228563115785339;-3.26831949373337;-0.172356441688094;1.09253836316492;2.34429916831769;1.90780913300383;2.91882677604279;2.53696259928965;-2.16452099568725;-2.98022564179367;0.0711723233947361;-2.10767770334226;-2.08057914183664;1.27022888768798
4070122;1;4.3469641276443;-1.60403542206138;-3.85746597788376;2.70774694994333;3.96212049787513;1.1634481016291;2.97643816305534;-3.69837747003741;-2.97485113132521;-1.95014495277139;-3.57310564001439;4.20324252396408;-0.767803420977778;2.80952182928364;-3.7436981783236
4070124;1;3.7433543379914;-2.80773285463771;-2.62733703437623;-2.22134854987648;4.10245416699726;2.70388607150171;1.15241671193378;0.661194035985487;-2.11423293108;1.92256352022947;-2.28924266809842;1.90539602074705;0.733021493748956;-2.99714594345478;-1.86724637761148
4070147;1;1.16580401856961;-2.11273087993266;2.84559614368337;-2.15048349960271;2.06905732430234;2.19834975453178;-0.172336962044189;-1.94832033650658;-1.92125236168628;2.6050999506308;-2.53483998091304;1.30110644319761;2.63042906405535;-1.92423494979131;-2.05124372849408
4070179;1;0.857109698948794;-2.10016455322951;0.34291078593814;1.37821123551266;1.57789700777817;0.800489138432972;2.31020503974611;-0.434574090929361;-0.0345775990866411;-0.25369008090711;1.56763293547999;-1.99215933126575;-1.59851182903145;-1.04172785386399;-1.37905050352303
4070245;1;1.63983913137092;-1.03917065576523;2.52308847300364;-0.539448284344392;1.10251988929446;2.06159800737182;2.49617668178922;-1.77051073336207;-1.9081408034039;-0.761548688427395;2.15021997655006;1.48788740523514;0.102977367127384;-3.00293762368647;-4.54255014275319
4070260;1;0.397091628107477;0.137276780295095;-0.902489214520488;0.506761162847308;0.864046299384476;-0.130059897711003;-0.287582526323025;-0.955024616865289;-1.56645901606089;0.00803361273688243;-1.32022550802286;0.787517222875506;-0.705300149725798;0.715926968888759;2.45048725409385
4070344;1;1.63814004641066;-1.03779177344159;2.52709126595002;-0.538661438668046;1.10026067187027;2.06078543006401;2.49663388342361;-1.77211243693629;-1.90824995094991;-0.762886495480469;2.15367402579406;1.48705634425178;0.102735546729632;-3.00259846139684;-4.5440766576209
4070357;1;3.7755486665179;-2.81644118888508;-2.69558726092317;-2.22221948661751;4.12785630355197;2.71022689871243;1.16895393578529;0.693683767623942;-2.11664821563047;1.91406523397182;-2.2862171430948;1.9129650673838;0.70936420132348;-3.01051952185699;-1.86503125786263
4070363;1;0.7839409201974;1.05676118587889;0.680172843723023;0.689323204125549;0.46517469043179;0.102665931766371;0.591780384944878;0.690823040813259;0.745152369869786;-0.19857619862461;-3.85894951069181;-0.466991010742808;-1.52776495857787;1.28827311512797;-1.04178600824182
4070414;1;0.371926997291535;0.295158259994868;2.78759761354085;-1.48873113189869;-0.490744264805193;-0.382276898202547;-0.485079608563234;-1.78713071498455;-2.10676833387362;1.87640728433963;3.8937706333701;0.0694202274841722;0.787503723217598;-3.0985493788238;-0.242504408087118
4070448;1;0.783644117494944;1.05382754362151;0.677820858160548;0.689405522960978;0.466340202670596;0.103387700632699;0.592431196396797;0.689289891697666;0.743160967710336;-0.198865729077478;-3.85333239244914;-0.466823365392475;-1.52727302593767;1.2856379472039;-1.03865143569322
4070493;1;0.783939294747114;1.05675626502657;0.680172301896206;0.68931968477131;0.465175071067118;0.102670083959141;0.591779874119725;0.69082449855522;0.74515382500938;-0.198575800616339;-3.85894124903655;-0.46699409964716;-1.5277631878949;1.28827074182787;-1.0417873037847
4070536;1;0.634229419962144;0.0095709100088428;-3.28663765566792;-0.175822589037316;1.09791764705242;2.34928607012807;1.9121438134699;2.92826814949847;2.53977243894391;-2.17018443572958;-2.99234048698505;0.0699496947266389;-2.11698603894172;-2.0789738556267;1.27980691819789
4070541;1;-0.827473165400007;-1.66980140319519;2.56865120213974;0.146845388231902;-0.350807914436214;0.364135997743701;0.688060598378041;1.32914850335039;1.25820819600466;-0.352528701463325;-0.497271747486675;0.0509435824257189;0.805039617592381;-2.21221422493261;-1.30093592895252
4070572;1;-0.829383145506263;-1.66895183518439;2.5700992683595;0.152152711104622;-0.353773838529772;0.359164026799818;0.692837634289419;1.33321042955185;1.26133838835669;-0.358125402115352;-0.505527365878707;0.0609957962265743;0.807531730426674;-2.22546467479573;-1.29610372310493
4070647;1;1.63222176051063;-1.03940914542251;2.52723641534861;-0.536802804133521;1.09679256943407;2.05676809585761;2.49262553895017;-1.76448968241653;-1.90048310588387;-0.762271047587799;2.14687109027379;1.48399892547071;0.104471071566309;-3.00103680174292;-4.53649288022474
4070673;1;0.367727409061094;0.295965678702695;2.78590285352777;-1.49010816067649;-0.490931875800601;-0.382645452339023;-0.484839952970278;-1.78139468878854;-2.10601184696274;1.87402808943375;3.88477085367115;0.0691903190920791;0.791002150818912;-3.09478416697771;-0.237871209792081
4070677;1;4.34695255036549;-1.60408292148402;-3.85736478191089;2.70769926485911;3.9621198296618;1.16348912516356;2.97644542563267;-3.69837377166126;-2.97486017428916;-1.95009409832397;-3.57316673238778;4.20323170274891;-0.767764736761966;2.80945426352368;-3.74368494513617
4070695;1;0.863079587244237;-2.11192336957453;0.37298642633409;1.36945163468095;1.59889244298032;0.778957725472454;2.33366137253898;-0.416472884067199;-0.0692310550781559;-0.238542518794069;1.58480184287111;-2.03785477192491;-1.60089915410727;-1.0316854622134;-1.3952218163626
4070697;1;0.375084403718641;0.309437103313331;2.78387767194164;-1.49453772158824;-0.484314357724718;-0.395570140396279;-0.492684276427488;-1.79577037395689;-2.11556253315316;1.85475518783254;3.88065247297498;0.0875460987103003;0.78483083880796;-3.06594814437357;-0.231796229679057
4070829;1;1.16668441953659;-2.11286349897487;2.84363909363405;-2.15044441064863;2.06968147704303;2.19849610959802;-0.171921817063375;-1.94756476731247;-1.92130664650934;2.60483841058063;-2.53451011352195;1.30130358758471;2.62968718079834;-1.92459860516597;-2.05112041957876
4070839;1;1.25782076191873;-2.13755056931053;2.65016017602491;-2.15305721222429;2.141655049432;2.21644836577612;-0.125106651844923;-1.85515036424919;-1.9281248232282;2.58076483520718;-2.52586981255186;1.32246693715909;2.56259586589142;-1.96230378685728;-2.04474877114319
4070842;1;0.634184332405162;0.00925368487078621;-3.28786564713795;-0.176095798196596;1.09811589972867;2.34997766937833;1.91255334000346;2.92897056808587;2.54032415032613;-2.17079406499229;-2.99208508328449;0.0701124001427677;-2.11717006731813;-2.08001026764107;1.28052888362934
4070850;1;0.849153298432165;-2.07410349180613;0.494530473337839;1.22476804771621;1.54931227827016;0.848363611256546;2.24199551667875;-0.437007153449557;-0.110540199542834;-0.205655839845449;1.61084329208497;-1.96065016575492;-1.49627775980897;-1.00522147608479;-1.529510431484
4070869;1;-0.829396483926941;-1.66892252741393;2.57009096686624;0.152125387065518;-0.353778227345882;0.35915154311903;0.692825340230514;1.333210962319;1.26130415914772;-0.35811509584938;-0.505529664645521;0.0609935757829253;0.807552603430552;-2.22545157004592;-1.29606096873393
4070913;1;0.745032300517731;1.45676397523429;-2.45120988234042;-0.525126028191071;1.33320091992836;-0.614171206734794;-2.13668822565628;-1.34958864231922;-0.719428239140671;0.553805869651004;2.87819920610773;0.871696441390262;0.98773156948645;1.31449304069169;-2.34471109862505
4070938;1;1.63140830258936;-1.04770673847084;2.50735270159831;-0.521006543144041;1.10511091249096;2.04937713810591;2.49580969237565;-1.75991853836703;-1.89165088510567;-0.758565451924369;2.14834695036972;1.45529947993839;0.0870215550430697;-2.98492582369672;-4.51595275180269
4071123;1;-1.98139203706447;0.86928012559508;1.84472396014737;-2.20677833324016;-0.731526067898912;-0.722934823038685;-0.36954666900816;1.37813737291689;-1.7013400156894;0.530241595488699;-0.713289509315589;-0.126029262197452;2.60968488485738;-1.08950093619544;2.41026971464285
4071195;1;0.866471435862536;-2.11302462886908;0.36996573791995;1.3711629161198;1.60338524922067;0.77885872828883;2.33731999454586;-0.419133640243349;-0.0733677190293253;-0.237554189292427;1.58929097644568;-2.04356326416138;-1.60544372244016;-1.02860243391998;-1.39576544044761
4071200;1;4.34626182065437;-1.60391745739925;-3.85572284998447;2.70689140143755;3.96136414310808;1.16371776831824;2.97636894240737;-3.69787521057882;-2.97458494097439;-1.94984807759874;-3.57160704874077;4.20253482056458;-0.767584762759206;2.80793738369633;-3.74393593215087
4071227;1;0.397229803547846;0.137274084779339;-0.902641451226593;0.506879444812012;0.864129043529077;-0.130042287061112;-0.287611789579517;-0.955187650701164;-1.56649664947816;0.00802730358377549;-1.32023838111227;0.787592255537746;-0.705466969631841;0.716033381150624;2.45051986185024
4071229;1;-0.311005531440589;-1.89966556894151;2.17648749840777;-1.28944844114407;0.451459931385063;1.70970713214862;-0.605123913920455;0.230422822436972;0.411683729867741;1.16191875855501;1.73851599692346;-2.6711296122392;0.12977618923406;1.37532755771237;-2.60892654898524
4071267;1;-0.823142041730838;-1.65946858725874;2.56142540302576;0.155038069473893;-0.35072163190016;0.359404769863218;0.692635844546197;1.32948076410216;1.26039605788071;-0.358127323324998;-0.516538611470169;0.0596339607318342;0.798251886507163;-2.21324303856219;-1.29502552188384
4071425;1;-0.310997807792036;-1.89966690504709;2.17647443585622;-1.28942400483284;0.451466901654947;1.70969665267994;-0.605097680893578;0.230420874694109;0.411682459670082;1.16190386216929;1.73850876454794;-2.67111799329616;0.129764375302244;1.3753000556534;-2.60891399036647
4071607;1;1.6362143040781;-1.03745015000702;2.52360236298532;-0.536720652936535;1.09823337260285;2.05961400752439;2.49350660719777;-1.77191206383739;-1.90395577343171;-0.761986659256672;2.15331827431622;1.48601402305014;0.101809667418668;-3.00228447600997;-4.53800284369416
4071632;1;3.77617595938725;-2.81659085508787;-2.69700849717531;-2.22222399409403;4.12834601012132;2.71035671297872;1.16930255720818;0.694398611391723;-2.11663823865314;1.91384829313976;-2.28615473652275;1.91309028159324;0.708840372073868;-3.0108016491243;-1.86494082723665
4071711;1;0.397172564342474;0.137288787830663;-0.902617623215885;0.506842749824507;0.864101095722208;-0.130053967244557;-0.287608515240942;-0.955121436938022;-1.56649255130352;0.00802166774109974;-1.32027294399945;0.787572649963897;-0.705411195040083;0.7160244674977;2.45055425005991
4071823;1;0.866786912387975;-2.11270692934186;0.370506836385512;1.37074639823461;1.60330846780559;0.779194903420486;2.3375551604593;-0.419593543701552;-0.0739636881924801;-0.237801644532898;1.589455587792;-2.04244801158291;-1.60503622601289;-1.02934899127328;-1.3966552318476
4072178;1;0.866557336887324;-2.11304065490199;0.3698349859157;1.37135174030892;1.60347009034109;0.778794269570141;2.33752968284157;-0.419182357883578;-0.0734045351590968;-0.237652013167354;1.58928455287239;-2.04352385141025;-1.60557014170937;-1.02876821608098;-1.39568088842451
4072183;1;4.34700294159081;-1.60407210249541;-3.85747949623337;2.70777976764605;3.96214873831241;1.16347078184999;2.97649484806018;-3.69839939400943;-2.97487331742245;-1.95017027106331;-3.5731773750711;4.20327715947634;-0.767822986553297;2.80953109595572;-3.74371039004314
4072195;1;0.397228684655389;0.137255755216855;-0.902683021974617;0.506917757772841;0.86413396611337;-0.130020603010456;-0.287594083435373;-0.955178090817893;-1.56645487147428;0.00799945624889259;-1.32026566183454;0.787589999462658;-0.705493620760127;0.716043094101935;2.45052123973534
4072197;1;-0.829276255422955;-1.66892517954525;2.57009489783775;0.152124759071766;-0.353711117454458;0.359238663800038;0.692915413242372;1.3330752666327;1.26120395571389;-0.358143625351203;-0.505412406219427;0.061057640849561;0.807499715310646;-2.22549823086985;-1.29624349759559
4072216;1;0.864333975729092;2.57729619091195;2.87572553060869;-2.77027280803604;0.274359148687268;-2.52610844336719;-1.72263820884764;-3.30182397832546;-3.59329331352957;-1.19531410799095;2.77761822336118;2.79723712380676;0.639800062462963;1.34559615519165;0.95748444933731
4072827;1;1.63612703548629;-1.04015286743176;2.52296732947874;-0.534574690022825;1.10096623579333;2.05805169623191;2.49633450788459;-1.76861607087791;-1.9038134555133;-0.762223898238538;2.15149824187797;1.48033125828499;0.0996194741677359;-2.9989292679721;-4.53758552914912
4072832;1;0.866560567804583;-2.11302899367031;0.369810855891151;1.37136724833155;1.6034635574667;0.778799838610012;2.33752824313646;-0.419192924756183;-0.0733882375634422;-0.237665665058626;1.58926456827869;-2.043496324523;-1.60557828214408;-1.02877778930442;-1.39566666249908
4072833;1;0.783885562713474;1.05654269904851;0.679934262071433;0.689228882159696;0.465280665839797;0.102667004001139;0.591604585129763;0.690480526566438;0.744701125415921;-0.198480816155949;-3.85846256585975;-0.466735435639916;-1.52752834412409;1.28811197621913;-1.0412301273856
4072834;1;-0.205948377266013;-1.91470704880923;2.14030725851988;-1.22649049040694;0.56000061558536;1.69276419678964;-0.476940410212986;0.115114449117195;0.295013737049076;1.16967205740653;1.54849687883416;-2.47248100704959;0.174545153789525;1.13790785999597;-2.53725487334258
4072838;1;-0.764833835890884;-1.65294291330061;2.56768997024438;0.135084164919352;-0.315176276561925;0.403235519699712;0.740257047036926;1.25221285327829;1.1789364695681;-0.368485663888818;-0.435861609083788;0.0964978815944922;0.787955825979308;-2.24475871134033;-1.37981072225421
4072840;1;0.293112964465859;0.161783410494251;2.77208940060633;-1.38054904073498;-0.47874810156653;-0.328181493039133;-0.406122005938058;-1.57954967172141;-1.88207426677666;1.72724772451325;3.60034803771176;0.0652436277327966;0.787451458409053;-3.03343479904823;-0.3186172451083
4072841;1;0.371928180637767;0.295158531811427;2.78759794156763;-1.488731080449;-0.490743932634611;-0.382277193296225;-0.485079929913015;-1.78713246551349;-2.10676884642065;1.87640716311935;3.89377241617138;0.0694209485987412;0.787502881544074;-3.09854921154026;-0.24250540368312
4072853;1;3.77565173441001;-2.81647387797228;-2.69582042098636;-2.22222815313532;4.12793604974281;2.71024909626937;1.1690191472023;0.693825734021517;-2.11664153250415;1.91403484692986;-2.28616407603754;1.91295982230924;0.709264929026586;-3.01059649189899;-1.86501680737705
4072854;1;-0.310994033456436;-1.89966721685681;2.17647021945323;-1.28942305593688;0.451470899012483;1.70969791470315;-0.605095741846383;0.230416081237231;0.411678494696445;1.16190559916449;1.73851519041484;-2.67112331355624;0.129759580723675;1.37530394004787;-2.60891455780067
4072864;1;1.3037887033269;-1.12343947561405;2.53294943269454;-0.444842524549758;0.903271070774869;1.83029852397086;2.25254925775869;-1.35114862865749;-1.47858282368931;-0.708412301864822;1.79290758935512;1.2941654912219;0.198267046000612;-2.89756473423299;-4.10420662649507
4072882;1;0.313771293891046;-1.64032261211237;-1.21127303393132;1.97630084597071;0.0197736582485185;2.38953449737438;0.958196642879188;-1.35455805784763;2.78307274191532;-1.35220948695079;0.639424092915505;0.902994477632493;-1.28710178998189;-2.18923762117985;-0.948365648823302
4073008;1;0.864657206447681;2.57879216137622;2.87575146273191;-2.7710983088342;0.274871817785167;-2.52751166877494;-1.72345045934213;-3.30281016204601;-3.59426139556876;-1.19734020596867;2.77685268871699;2.79902984504922;0.639694425450957;1.3485386446297;0.95828394834686
4073026;1;0.307732228944759;-1.64011025727433;-1.19397415695589;1.97066203613407;0.0167170426986832;2.37828469400161;0.959027333140259;-1.34072567322025;2.77796405905486;-1.35028872805114;0.630547904102763;0.903663965495409;-1.27672227513853;-2.195228118695;-0.94755005423727
4073113;1;-1.98664041001368;0.870851878151216;1.84990946009786;-2.21230630090397;-0.73471941269191;-0.7241761864309;-0.369677100090866;1.38350226332207;-1.70150845060708;0.530951129640901;-0.713215359047458;-0.12787327824783;2.61666421927085;-1.09258083993143;2.41081838748223
4073158;1;-0.829242848116154;-1.66898765042627;2.56990843153946;0.152257855376417;-0.353615886948991;0.35920588806649;0.692970316497182;1.33305962195785;1.2612383501612;-0.358119931265244;-0.505355352483819;0.0608310790061708;0.807330214497605;-2.22536915212183;-1.29611093574006
4073317;1;3.77616656041566;-2.81658712400754;-2.69700764914653;-2.22223466710702;4.12833895723458;2.71036125533133;1.16929852392363;0.694418428397168;-2.11662334590357;1.9138496831442;-2.286153955183;1.91307975431593;0.708838001612251;-3.0108177734253;-1.86492664960179
4073447;1;0.369891390107854;0.285198043591518;2.75902887273939;-1.46692021443922;-0.478070787125474;-0.376838005874441;-0.476057030021546;-1.77161233007095;-2.09147842781211;1.85514758561388;3.84512478029818;0.0704148285959936;0.773871590527338;-3.06812451881634;-0.229575777314074
4073505;1;1.61349307162753;-1.0429984553679;2.45021394332413;-0.494545127208213;1.08456915493567;2.05722905830519;2.46027550931453;-1.76215313470555;-1.82659075330474;-0.768559585377212;2.13001963630389;1.47047436733861;0.0795332419941141;-2.97538437285203;-4.47557655432801
4073857;1;0.3720292867508;0.295110391311105;2.78745899972649;-1.48865247664174;-0.490584282049805;-0.38212879767557;-0.484919507063954;-1.78713328626768;-2.10673459393385;1.87616736692809;3.89361817440434;0.0695604547792135;0.787458450430266;-3.09840477286111;-0.242845407836604
4073994;1;0.742069200622401;1.44546731793268;-2.43792279065588;-0.516291783237449;1.32920806587262;-0.610054783738758;-2.12082765066953;-1.3461979398131;-0.726755734082948;0.54914241068328;2.84216424955338;0.870961516401785;0.973216035541236;1.30941692810403;-2.30359504251374
4074877;1;0.74215706556246;1.42558362908238;-2.39323482352485;-0.516331527341081;1.31660213197976;-0.594452383079165;-2.09179174738165;-1.3498120223351;-0.730373311149668;0.547978124476238;2.8411884056368;0.86882750623466;0.965037154895633;1.26628536682951;-2.29766356988593
4074898;1;1.16753667748683;-2.10176264422499;2.84194627987894;-2.13284341220943;2.05655278646302;2.19483397840313;-0.146941334324221;-1.94258194141728;-1.9170816835448;2.57007413726402;-2.48543774839971;1.29908814953666;2.60334275009377;-1.93265858089893;-2.07406741410702
4075001;1;0.783940987781242;1.05676135984862;0.680173234051454;0.689323239612533;0.465174587568373;0.10266598932018;0.591780589248181;0.690823428745685;0.745152910451701;-0.198576248721388;-3.85895004988286;-0.466991292555907;-1.52776511700204;1.28827319883525;-1.04178681730101
4075051;1;-0.310795233657182;-1.89903568102442;2.17574301680152;-1.28924312646742;0.451592834572975;1.70929333528366;-0.605286803526266;0.230211341387008;0.411530699805082;1.16176729553801;1.73840124436073;-2.67050034511619;0.129824819818841;1.37530802795805;-2.60881142573439
4075105;1;1.63790962350735;-1.03650786812692;2.52411157337944;-0.538356349385995;1.10067099184421;2.05949435874714;2.49460653297311;-1.77197225006388;-1.90764843001627;-0.762583527197148;2.15389281153774;1.48703034117733;0.103051640040563;-3.00039680110938;-4.54330264730729
4075109;1;0.783940012107295;1.05675900090294;0.680169269145467;0.689322762016681;0.465175596206474;0.102665419611244;0.591778392188433;0.690819306456894;0.745147137922247;-0.198575744571631;-3.85894357380045;-0.466988112606354;-1.52776297172163;1.28827169864888;-1.0417781925065
4075374;1;-0.5225790065475;-1.65114622482009;2.17604094841544;0.351411141110618;-0.0329892136251105;0.418997363585621;0.934434951217717;1.04507482286464;1.04539162395457;-0.333788549197999;-0.290260907637276;-0.2743287247945;0.369434007742126;-1.93077603801403;-1.30491619425422
4075458;1;-0.310944632254849;-1.89947162932584;2.17621999546767;-1.28940522405109;0.451511010910331;1.70957350254361;-0.605213588094612;0.230331466332584;0.41161842970583;1.16188425281176;1.73858237181024;-2.67092585228581;0.129825968015897;1.37532610179859;-2.60891217338431
4075965;1;0.864624162453981;2.57854316885329;2.87481805980487;-2.77065072543959;0.2750523478627;-2.52714353068064;-1.72346746328107;-3.3024374786461;-3.59375855138463;-1.19703556945151;2.77673554042687;2.79867227432964;0.639703843548023;1.34851453979118;0.957829381812977
4076735;1;0.395689208844786;0.137826088838458;-0.900746505630407;0.505130444746836;0.863054953427379;-0.130412925107406;-0.287592074871196;-0.953508335871174;-1.56639809595425;0.00833767953359717;-1.32008552571507;0.786893654241913;-0.703365910157514;0.71492069435094;2.45025664932311
4077205;1;-0.311006986912838;-1.8996617073041;2.17648547236402;-1.28944797667839;0.451459081028956;1.70970343687775;-0.605122426704538;0.230423981195926;0.411680767484466;1.1619169858969;1.7385113567966;-2.67112546636798;0.129778201266536;1.37532401332409;-2.6089187322674
4077418;1;0.397668709026866;0.13832175281065;-0.900873616857041;0.507113365194409;0.863682262002906;-0.129774656943953;-0.286602634887051;-0.953295776557107;-1.56385023804601;0.0077738047470458;-1.32318535319708;0.786161280152885;-0.706426144811588;0.716719261053105;2.44656798631196
4080755;1;0.865602419357275;-2.11262067228233;0.371247485459931;1.3691880213273;1.60239237920255;0.779595345383341;2.33500767006262;-0.418665672936296;-0.0728537687409878;-0.236600444696001;1.58901031156569;-2.04371320147163;-1.60414163290324;-1.02679277647783;-1.39665546285038
4081094;1;-0.310798755031769;-1.8996012759197;2.17651745031143;-1.28938585365404;0.451562977668036;1.70974059846198;-0.604833851141055;0.230199058257571;0.411431473968422;1.16178436843476;1.73844251019593;-2.67068472630623;0.129820745291644;1.37486752537843;-2.6090622459154
4081107;1;0.397233740748073;0.137300325346653;-0.902637593441749;0.506867794583245;0.864131542848244;-0.130068244142177;-0.287623457170142;-0.955203628724318;-1.56651320802769;0.00799526696471887;-1.32023907737325;0.78761767037597;-0.705473018202869;0.716074198985446;2.45053768722985
4087408;1;-1.97882397997377;0.853661763561742;1.85479278389244;-2.19629252018785;-0.73215426289514;-0.716850744974414;-0.362482723934841;1.38317735210599;-1.68143664491885;0.524919250730279;-0.711812287743935;-0.126601111708367;2.6044180745604;-1.1002458130739;2.38573086456021
4087903;1;0.314705219025588;-1.63999723735788;-1.21796122834612;1.98233077665966;0.0189174390522093;2.39096322097125;0.960524085762285;-1.35742203749094;2.78798328801447;-1.35656718493756;0.637492665634786;0.908873980794668;-1.28992937555725;-2.19494825137125;-0.944965360853918
4088513;1;0.634232283128065;0.00958871439856122;-3.28660153202191;-0.175821121185929;1.09791470760305;2.34926102032533;1.91213274927863;2.92825944742303;2.53975158094762;-2.17016564993045;-2.99236371309233;0.0699406109009675;-2.11698262179075;-2.07893610663108;1.27978963064719
4088877;1;0.752704681801805;0.960287532050655;0.71471316014596;0.674518317113725;0.462054435662352;0.119921314164244;0.608015746436735;0.698710374495812;0.745529133564857;-0.19823209865538;-3.73654465722482;-0.460049066037102;-1.46756657513778;1.17767475047483;-1.05173704885589
