Respondent;RLH;Level 1;Level 2;Level 3;Level 4;Level 5;Level 6;Level 7;Level 8;Level 9;Level 10;Level 11;Level 12;Level 13;Level 14;Level 15
4057267;524;-2.1913312497;-2.5455303233;8.2055555301;-1.4659744749;-0.313634627;0.2607387607;-0.2311121323;1.961691695;-0.6339440277;3.4226405914;0.6993209177;-2.917568687;4.3133122466;-6.6966715129;-1.8674927069
4057341;511;3.5160159509;0.7175247602;-0.1021214865;-1.0738890571;2.3361680153;0.0363363268;-3.7317314921;-2.0662516669;-2.968148456;0.1769683325;2.2223417166;0.8133354418;-1.7472661125;5.9379068072;-4.0671890804
4057620;552;1.1228670053;-3.3396018608;-4.6881966145;-0.373450318;2.8948945148;3.8083195279;0.8332366356;-0.7248884536;0.495341786;4.8718496402;0.0563948924;0.6775115308;2.3840650632;-4.7829777938;-3.2353655554
4057634;375;0.4922635205;2.3204801089;-1.3033815236;0.7290641675;2.0777578235;-2.8723714542;-1.043699718;-2.1058171657;-5.3866031761;1.0761383832;0.7342918263;-0.1955794936;-1.7560017682;1.4911844231;5.7422740464
4058055;663;-0.8473348222;-0.8609025678;6.3918988536;-4.2727681381;-0.4866107658;2.5611053884;0.0169094981;1.7355264418;3.4074750057;-0.5834761696;0.0641498732;-0.53961313;-1.0009437213;-5.7199410997;0.1345253539
4058415;558;4.4665614157;0.2091053827;-2.4797704269;-4.7494829784;2.125095657;2.8113584233;-0.0714430489;-1.125290764;-1.5639525439;0.2339888278;-0.1448959096;4.1530078595;-1.3136784513;-2.5339722842;-0.0166311587
4058751;449;-1.5293862022;-0.4876068127;3.7063008996;-3.2054834089;-1.1532246999;3.6533756899;-1.3896480501;1.9391797524;3.8286849136;-1.1130945725;1.5494415444;-2.7378178426;-3.1794640256;0.0530292029;0.0657136116
4058933;582;0.3840184827;-0.8417873102;-6.595259959;1.3363622243;0.6238234569;2.7620268834;-2.1367072061;1.3879424233;5.2527718275;-0.7250814784;-0.3120064194;2.6773554714;-1.1957528528;1.0061655121;-3.6238710558
4059152;582;1.3032776697;2.9565041414;-4.5885302484;-0.0096614022;2.3526996926;-0.519733095;-1.1502215601;-2.6299087175;-2.1932268052;0.3595643081;5.8712844503;0.9478719686;0.0295213045;3.0456649002;-5.7751066069
4059167;587;-1.2534547849;0.6164621425;7.8447449949;-4.7553368385;-0.0687248888;-0.4776448604;-2.2979860635;-0.3336310753;-6.0875296506;3.2101400039;-0.2715578812;-2.2796381614;4.7641459854;0.5119269434;0.8780841345
4059261;536;1.8538891093;-1.3753615129;-0.2993612386;-0.562516697;3.9359059324;2.0836187293;0.6802198929;-1.8890326918;-2.603982005;0.578662785;-5.9991940529;3.73213417;0.9727602798;-5.2064777571;4.0987350566
4059293;579;0.0710525524;2.4193186786;5.5916661233;-1.0011558008;-0.1791441992;1.8184118361;0.2743490581;-1.9742504303;-0.772585767;2.9816704555;-5.1832258494;-4.7362248817;0.6640902868;0.3211387138;-0.2951107763
4061777;497;1.6710484329;0.8031140345;-1.656112807;-3.096381855;2.1568889699;4.2414110096;2.3058746151;-0.7899917015;-0.0966359568;-4.0980783811;-0.5429572421;0.9478046005;-1.0626942411;-0.4914608307;-0.2918286472
4061809;407;-0.3022271072;-2.2588116068;-1.7885867652;2.1385669077;0.3911602533;-0.583154496;0.3657701925;1.927815763;4.1141218792;0.3070320681;-4.2062662731;-0.2028303697;-2.8965081224;-1.1912568708;4.1851745474
4061974;413;-1.8376709132;1.1061059022;-1.4627134095;-4.2870207722;0.2038778297;0.1554928759;-2.279095684;-1.8616036206;-1.9208392109;1.9775383491;-1.8700660473;2.3635464335;4.6058550421;1.3885724644;3.7180207608
4061975;585;2.3831925928;1.075821183;2.4077430409;-2.2037746034;2.3520097075;-0.7899167261;0.0805182726;-4.3342133599;-6.7526016266;5.9965874832;2.9204401322;-0.4524180532;3.067356052;-4.9373430116;-0.8134010832
4061980;303;1.3646687155;-2.7171952826;3.9612337209;-0.5969424363;0.6177710435;-1.2829799312;0.4254676006;0.1610222174;-2.3896087458;2.3473651278;3.4592586427;-1.2660782182;-1.1788152273;-0.5742525155;-2.3309147116
4061985;536;-0.0016699474;3.2612359474;-5.8538016677;0.2804002987;0.5334819134;1.6416374971;0.3949024656;-0.1289798838;-1.359614103;-3.9633232131;-1.6937620738;1.1539453258;-2.8189003138;2.6338700927;5.9205776619
4061991;464;1.9393023703;1.7793110766;1.3658387879;2.1219395643;1.1730097381;0.3473320334;4.4909297998;-0.4546737827;-2.0021373329;-3.5638996024;-3.5238865716;-0.5219975228;-3.7086357492;0.4197952866;0.1377719047
4061995;657;-4.9002775148;2.7947131847;5.7226971961;-4.7877701557;-1.6049217778;-2.7696120398;-2.5012962977;0.0619637105;-4.841892096;0.6680560118;0.3588430478;0.1412142995;4.2909219003;-0.2215245427;7.5888850738
4062037;657;0.1437285224;0.3336971748;5.1643147207;-5.0139350819;2.3483402061;-0.1738363352;-1.3026157436;-0.9020508729;-4.1155479922;3.9423233806;-6.1693340909;1.3955458163;4.9307988686;-1.181015653;0.5995870804
4062039;400;0.9512063486;2.4969140958;-0.0699215661;-1.5374293473;1.9982145178;0.1046448096;-0.8616600043;-4.0575340011;-2.8490294559;-3.1984003147;-0.877762916;2.872285009;-2.7478899437;3.8396194886;3.9367432796
4062147;448;-3.6302115287;-2.9513566914;3.1744981729;-0.6245345577;-1.0252783487;2.4195772231;-0.1288698202;1.9902142644;2.921101737;-0.2117393029;0.4430200607;1.5010303447;2.4523693242;-1.1539132118;-5.1759076655
4062172;616;5.0483628845;-1.7570280861;3.4815569607;0.253014869;2.9985698157;1.6023297567;4.5946950304;-1.8121858648;-3.139291158;2.3221900818;-0.967946693;0.1345311448;0.2958757303;-6.4483828813;-6.6062915907
4062173;613;-0.3187161946;-4.5848855874;-0.7811562789;4.3082075906;0.9141556378;3.0004536897;1.7701431623;-1.0110176536;1.2824327397;-0.9150635767;-0.4137143813;3.7474157852;0.5482636326;-6.8055930839;-0.7409254816
4062530;601;2.996844368;-0.3165512743;2.4223374148;-0.4122040878;5.3681756774;0.5029603334;0.8710895558;-2.9852403518;-3.1265516553;3.7322304554;-6.5432655032;-0.0208758225;1.3041273719;-3.5063882044;-0.2866882774
4062549;691;-3.4824820517;1.2191138708;2.6450409467;-0.4181009661;-1.2312204763;1.655224399;-1.1478146767;3.4369714711;0.3007178784;-2.0718070107;-6.8363585198;-1.3713420986;-0.8358739317;6.1686705296;1.9692606359
4068078;388;-2.3757166976;-2.3677029989;3.2049040071;0.0219990769;0.5676712065;0.0903707162;1.309022308;0.5329273656;1.8376065772;1.8568542533;2.8125488823;-2.8124492513;2.159981112;-6.6074781578;-0.2305383996
4068123;447;1.4902207384;-4.3727858432;3.0951913106;-0.0884254598;1.3265687275;0.8924040047;1.9790818762;1.8353143094;1.942148582;3.1282266324;-3.1039696626;-0.7089193817;1.7667050837;-7.2861926115;-1.8955683061
4068137;748;0.0206260443;-1.8461147439;6.271601556;-3.1340948599;0.7462018327;0.1763860884;0.0327645331;-4.15435535;-5.1110521936;2.3013527729;8.2628449152;1.0166263154;4.8731100555;-7.9563242154;-1.4995727508
4068154;433;0.4030028608;-0.8734432204;2.3186043604;3.1280139705;0.5884588842;0.6716779542;2.8991435663;-4.5784109288;0.875236116;-1.0916793283;2.0388621679;0.8328404394;-2.4764583582;-4.3196440657;-0.416204418
4068170;555;-0.1283502668;-0.2917380696;3.6974370688;-1.1985477477;1.7697773351;-0.4272829758;-3.1143453295;4.0318991861;0.9259230868;-0.0267608493;-5.7749040627;1.7373692028;-0.9534060068;-0.0407566013;-0.2063139701
4068193;620;0.3425314258;1.0474640373;5.3654137991;-0.781632639;1.9318030671;-0.3348599966;2.0086241771;3.6111376376;-0.0300949291;-2.0608894703;-6.631225603;-0.5715242765;0.2986984318;-4.2006637069;0.0052180453
4068200;687;0.9244959007;-2.7061775177;-0.6114640033;2.8215262985;0.7519122985;4.9946045923;3.7358741045;1.3115112885;6.9322367726;-4.1873646667;-2.0428026913;0.4774587263;-1.1913383816;-6.7417147813;-4.4687579401
4068201;314;-1.4095443826;-2.9433472802;-0.4527866444;-0.5787506363;0.1907055082;0.951879559;-1.678089002;1.1723218652;3.1870132444;-1.3404905185;2.210254041;1.9422320052;2.8916044058;-3.027549528;-1.1154526367
4068202;299;-1.9066698366;-0.8938731953;6.236768792;-0.6035050347;-0.3909202466;0.9271404027;1.5003453063;0.7148106843;-1.625617095;1.6293601502;-0.2314213659;-3.5647795167;1.3160150718;-0.3737808537;-2.7338732631
4068206;581;4.2019017743;2.6266824757;-0.6013159905;1.1438326897;4.4579114078;-0.080571634;-1.6167755257;-0.9729205058;-1.1202635774;-0.3126275475;-6.3957544791;0.3926895881;-3.0240792151;1.1101522814;0.191138258
4068219;604;3.1426818355;0.4178696552;0.5766012755;0.2482148055;3.0255569439;1.5222859731;1.3214390426;-1.4662669602;-1.9393472679;0.4400635012;-7.7829956482;-2.3006982773;-0.5033861284;-2.7331901487;6.0311713982
4068228;780;-4.9297637673;0.6220695213;6.0815223545;-6.648785222;-3.2845308562;-0.2991741996;-3.9379950797;0.3244805841;-1.6258074021;1.1522528179;8.5911265568;0.2979085137;4.6670923837;-0.857120639;-0.153275566
4068241;579;-4.0630736887;-3.9249336421;0.4337209991;0.5650540226;-3.3463847204;3.4834086565;2.1642915466;6.5141127975;4.6575379331;-1.4473514183;0.7184784117;-1.0422948732;-0.3808513122;-1.1612608114;-3.1704539008
4068253;568;4.9266353584;-3.3085076767;-0.3706323231;1.419042421;3.7462967408;3.6113703068;4.3837314722;-0.4342735549;0.2393535532;-3.1955264448;-0.1039133442;0.9507223905;-2.0096654667;-2.2558724167;-7.5987610158
4068266;416;0.4047452979;-2.4635576971;5.8890171932;-0.2289406508;0.2276392797;0.7783499988;1.8977581147;-2.8528080874;-1.8782350293;0.479474215;5.8676958349;-0.0462455117;0.7965453034;-4.1796769065;-4.6917613547
4068285;246;-1.1405055325;2.4661459724;-3.1856251746;-0.2486354851;0.4273077372;-1.1204233979;-0.4134770725;0.2698792492;0.1224207938;1.8578275631;-3.2047174372;0.2991270074;0.2406863153;1.7850568441;1.8449326171
4068289;605;1.453170259;-3.7642654412;-0.61899554;1.5434017561;1.1433898107;4.1724797719;5.247073239;-1.2833331125;5.0002962755;-1.3025508041;-0.6501781486;-0.0405245923;-2.8945411435;-7.0625451418;-0.9428771882
4068294;566;4.2342280264;-2.9169419262;-2.7663975904;1.1859994942;2.3532763715;5.0443813105;3.1487760117;-1.9452368975;4.2972720541;-0.1460065992;-0.5885626587;1.5814091538;-0.8796823879;-7.5584909429;-5.0440234193
4068304;676;0.4314892535;-0.9410416225;-7.1605904484;0.9447895792;1.6432114291;2.0290148387;1.2847140641;5.7936875368;6.558553573;-4.67327872;-1.7935804036;1.5460798133;-4.0419869567;-2.5557113453;0.9346494087
4068311;432;3.1651975599;2.2066583367;-5.4168043073;1.1100381357;3.4867205026;0.1814101473;2.4970515466;-1.6596600834;-4.0099481562;-2.1339816465;-4.1006275343;2.1213849063;-1.7884508174;4.4544575656;-0.1134461556
4068314;504;-0.0253756741;2.2954615985;2.9746781393;-0.0105404668;-0.250071601;1.8427553401;0.0366147998;-4.4350738869;-4.4801467876;-0.2444193186;-3.2805116225;-2.1185885856;-0.4568560869;5.3191896123;2.83288454
4068320;425;0.9778080342;1.9637636201;-2.2612733972;3.3211119476;0.8607708346;0.7460706671;3.3187788016;-1.7701500153;1.5129506426;-0.8027368547;-5.9671747544;-2.6457744211;-2.7025733252;3.1458294134;0.3025988068
4068322;632;-0.7013570076;-4.3570097628;-1.544171923;1.2855691297;0.0429008663;3.7907210083;2.1781226958;1.0695354064;4.9271622897;-1.5445465694;-1.2602568195;1.2724473754;-2.7671100795;-7.1057476624;4.7137410526
4068326;743;0.0722067835;-1.8288613508;5.4052327641;-1.7927631679;0.6227881215;-0.0737890287;0.8791205023;-3.7566201136;-4.3596724423;3.1183657412;9.1871093498;0.6820209787;4.9793981007;-6.7949726314;-6.3395636071
4068330;459;0.7849950826;-1.0376528859;2.793771028;-0.0684628328;2.2277211027;4.7054545438;1.1176305491;-3.5569910622;2.8830991252;-1.6345078147;0.0076898887;-1.6655510712;-2.9267118387;-2.8044270245;-0.8260567902
4068333;311;1.5298603045;-1.1948067438;2.1952096904;-1.4998262357;2.3692220857;3.4354019044;0.218855273;-1.962981074;1.3432436148;2.6522688161;-2.9358664652;-1.8040396648;1.7760946713;-2.728763122;-3.3938730548
4068335;533;-0.8898000629;0.4758336381;2.2175793483;-4.4330542724;-0.5582912195;2.7607656446;-3.5755978858;-0.5163046337;-0.4558866724;1.9556167343;6.2568729796;0.7663064608;0.7864093124;-3.7926218202;-0.9978275513
4068340;723;-4.7690094972;0.5399225689;6.6788263341;-0.9260170725;-1.8055907761;0.0246054831;-1.0296254691;0.9721363235;-0.1446753753;1.1619495095;-5.7795248459;-0.57418758;4.9598123966;-3.0878691005;3.7792471009
4068360;341;0.4681033381;-3.0495503484;0.402083899;2.995154612;0.4569704844;-0.9493784021;3.4520506311;3.2679038604;0.6064510468;-2.1957329663;1.4895528585;-0.2263766753;-3.468650393;-0.6966891405;-2.5518928046
4068364;535;0.8872185692;-1.170963783;-4.2731182999;5.8133724427;0.9206424915;4.0381610861;2.6924480713;-1.991935146;3.3738608084;-3.8891923049;0.0298803609;0.1620171123;-3.7582096916;0.6657090373;-3.4998907543
4068367;206;0.9075417418;-0.5443988143;2.927355082;-1.4525079175;0.6969552706;0.9473273985;0.2949514186;0.2881258761;1.1983723983;0.8365403385;-2.1686011801;0.2256007666;-0.8675693271;-3.3149395061;0.0252464542
4068369;459;2.8342658857;0.7768415256;-7.2631028679;-0.1703776221;2.4315134843;2.0598183961;2.2711270821;-2.29770735;0.2454413969;-1.3775711869;-4.6088510087;2.7107571004;-2.3195803237;0.22027953;4.4871459583
4068372;356;-0.3767561601;2.5000744795;3.261730651;-3.8027630499;0.5381033002;-2.185635669;-2.2024380198;-4.2356506299;-6.1140373307;0.922272612;2.4401699309;3.0538276323;2.4627743209;2.681256945;1.0570709877
4068387;607;0.0644241506;-0.1612003555;-6.8126977598;2.4138055208;0.7046410897;5.0058030405;0.9446216425;-2.977434764;3.641628922;-3.5079571754;-0.7431393965;0.718275751;-3.4437001;0.1617982136;3.9911312204
4068394;595;-0.9650975209;-0.1286166102;-3.1868526553;-0.1027686506;-0.0725984295;2.3301288852;0.4932333894;4.0133715811;2.9285290341;0.1922465928;-6.593466036;-1.025510299;0.4863671687;-5.0325368409;6.6635703912
4068398;609;4.6940997727;-4.4632458681;-2.8265059212;1.6082056829;1.9518066952;5.0342096888;3.0561450856;0.4350935125;4.7365008417;-4.3958991712;-0.5830773237;0.7607856;-6.2208812261;-0.7586637071;-3.0285736619
4068416;504;-4.8524491207;-0.4907595357;-0.010093713;-3.0285189953;-1.2180556818;3.4862744059;-2.1380032576;3.7842049665;2.2463148124;0.326900821;-3.164105412;0.232944913;2.2967584371;-0.1920969911;2.7206843513
4068434;538;2.2482025285;0.5314443747;-0.9405149628;0.3019926701;0.6184321911;-2.2450300797;-0.4065248613;1.420765187;-3.8647329322;-2.889326168;-0.4304505015;3.4301945566;-3.8203722789;5.5225826447;0.5233376317
4068436;637;-0.0359109673;-2.9886586502;5.7492100561;-0.7269311762;1.1246739439;-2.8938666161;0.5862478795;4.5987659132;1.8179919638;-0.2221158467;0.2832755798;0.0631819353;0.9483698316;-6.6248192485;-1.6794145983
4068463;660;-1.0192742389;-0.4472899689;-2.8945693984;0.2551453787;-1.1538580064;1.0049453632;2.5475866859;6.1944839673;5.1776181933;-6.2830095465;-1.7957115554;0.761730768;-5.0430867465;0.2482102403;2.4470788644
4068507;445;0.3380048112;-4.8894941262;3.6923065174;0.218865834;1.5205933581;3.7563633062;0.7869244451;-1.8193412752;2.6954005169;2.0457695209;-0.1293978585;-3.0698716008;-0.2172855385;-1.3095228944;-3.6193150162
4068526;400;-1.7310280579;0.9207172603;2.0026395268;-0.1533722862;-1.4894935482;-0.3694267382;0.0544271568;1.2203442983;-3.1413457598;-3.3736008149;3.2474352973;-0.0450368512;-2.6952159634;1.9245906421;3.6283658382
4068546;683;3.1285668686;-1.3127651279;-6.6297455972;0.4403447834;4.2151452851;5.9140411044;3.3773814434;-0.9761475195;1.5495566309;-1.747445333;-3.4410957571;0.9923852639;-1.2630419322;-4.5910471094;0.3438669966
4068557;658;3.3703955518;0.2192307705;-5.5587284995;5.8307908305;2.6120218027;0.8728733551;2.6544930828;-1.7663895338;-1.9399447978;-2.0740102025;-3.9408588651;-0.0391112263;-6.3555821206;1.2859386573;4.8288811948
4068559;733;4.2497213487;-0.9223386152;-5.5632970331;0.5916754567;4.5079709595;1.3610535465;2.5876437545;0.0557123758;0.0143508633;-1.2745426602;-7.4317940923;5.9548423185;-0.5045836649;-1.2780893271;-2.3483252308
4068562;710;-0.0467957357;3.7983401064;-5.8529361223;-1.5201171238;-0.0945504069;-2.3230576171;-4.5716532867;-0.0008926429;-1.0825159838;-0.2297930103;4.1472946329;1.2931016877;-1.7583586802;7.1077015141;1.1342326689
4068569;632;1.4510714404;-1.2065796816;-0.4868159612;4.1213360763;2.1020087809;1.3690025272;5.8184461587;2.595024086;2.1522910507;-4.8433154236;-6.8995123228;0.2353073998;-2.1598581054;-0.873174764;-3.3752312615
4068580;651;5.3228384031;-0.2708968823;-5.9190971172;1.5838680929;3.5372003337;1.9044868951;3.8674500588;-5.2726464875;-1.4096949503;-0.7168762346;-4.2511779795;4.1994583656;-1.6251675902;-0.7217170525;-0.2280278548
4068605;523;-4.6925803296;3.2510121096;2.4297396226;-0.2376520415;-2.0379195809;-0.3282686332;-0.6406518039;1.2216363798;0.2995067526;-2.9634965038;-2.4617304224;-2.7311362371;-0.3780424301;2.6657295161;6.603853602
4068614;686;1.0201544057;4.2120746871;-3.8753566315;-0.3569521098;1.8835136416;0.1702418536;-0.6857143141;-3.9942013534;-1.9091105356;-1.1568907579;-6.9205187992;5.7366776156;-0.1388488704;2.6025819588;3.4123492094
4068643;475;2.14333324;-0.3382711244;-0.3865778563;0.8225677454;3.866128113;2.3230983789;3.3580897799;-3.8503139058;-0.989418465;-0.9492823962;-3.3604135311;2.521951303;-1.8959274854;1.9901815302;-5.2551453263
4068666;514;0.2879785769;-2.1922015419;3.5511898185;-0.689003938;0.8487648805;0.0499116114;0.7440199858;-3.5768512764;-2.938747004;3.8014812344;7.0229139233;0.0332196412;1.0405263119;-7.1470091516;-0.8361930719
4068687;450;-0.4528846331;-0.3971356119;-2.541522684;-1.8321884074;0.2247111476;-0.1831348637;-3.0612903526;-0.0270833393;-1.953545754;-1.6175020001;-0.2057324706;3.1771518585;-0.3883072361;3.3663635378;5.8921008087
4068718;520;0.397780505;-1.1721434419;-7.4316419689;2.9229587178;0.992015185;4.1185681326;2.0463726579;1.1949775345;2.3367894526;-1.741060782;-4.469460538;2.1185800424;-4.4335412708;-0.8570427682;3.976848542
4068765;701;-0.5405105969;-0.7458379369;-4.8104174975;-1.1422089403;-0.1570904827;-0.9069947921;-0.5527208231;3.6977185041;0.2643292;0.3705375282;6.1857612301;2.3216679322;1.2837666237;0.1780817204;-5.4460816692
4068782;638;3.2825178936;-2.494922194;4.0918529957;0.1360624968;2.2492451719;5.1279756937;4.0895636309;-5.1086817686;-2.4735384217;0.1264109335;1.1756636662;-0.109261782;0.0240832426;-1.4403220402;-8.6766495184
4068790;442;-0.7059249763;-3.2942549313;0.4732498337;-0.055629614;-0.6948029523;1.1605222694;0.0331467985;1.9137808769;1.751006823;4.4330397245;-1.539965086;-1.7209539577;3.9697291941;-2.3882333371;-3.3347106652
4068820;733;2.749670267;-1.7821098815;-6.7219150609;4.7831232947;2.3722833594;0.1703208215;1.6668269034;-4.4322207401;-3.4628430569;0.181159081;-0.087071269;5.1650604369;-0.269386414;-0.4212024858;0.0883047443
4068838;752;0.616072002;-2.6133894998;6.936969398;-1.1098826151;1.0806476582;2.0471434413;0.2886562302;-5.3473145703;-5.6273712072;1.6426921375;0.4859219391;0.3812230407;4.7272552624;-1.7931357743;-1.7154874427
4068907;632;-0.109561564;-2.7452510839;-0.8227092645;0.4064463072;0.2254089973;-1.8255278186;-0.2453934021;0.5136549689;-0.2103240784;-4.51652678;0.0212277795;4.2849700766;-0.8326760548;4.1166856848;1.7395762321
4068934;423;0.1652858027;-0.304727842;3.4227405933;1.8467352594;2.6967367418;-0.0777633696;2.9419036082;-4.5960904894;-3.5886160352;-1.6744885186;1.7766578863;-1.4809936205;-0.6029331439;-0.8425122828;0.3180654104
4068936;588;0.6591911849;0.6989033077;0.1431641406;-4.7074481047;1.619449512;-2.9562591095;-1.5167035998;-0.9755635388;-3.6089090317;0.0447147343;4.2353237036;5.2210103138;0.6288771688;-0.7545931296;1.2688424484
4068941;504;3.2578296836;-1.5740226324;-0.2073530772;2.6504416563;2.2383490057;3.3462966822;4.4492473207;-3.0929394746;-3.9998221243;-0.3213965111;0.7989175589;2.4082723697;-0.9688387642;-2.4897627171;-6.4952189763
4069023;244;0.4029433582;-1.1429405289;-0.2302885747;-0.1017298298;0.733973972;1.5900892546;0.0078189181;-1.2487245467;-1.7986874356;-0.2923755788;-2.0314599746;2.7481524063;-1.3076692359;-0.4092386759;3.0801364716
4069089;343;0.1482779224;-2.5898408329;-2.0599916398;0.910478392;0.2245608063;3.3405204789;3.6061691933;2.1937672775;2.421345086;-2.2794547601;2.4693667886;-1.6290013589;-2.7777153454;-0.7905252183;-3.1879567896
4069127;554;2.6913847127;4.3837630236;3.5724205233;-2.9150042638;2.1155155466;-2.2416931159;-1.547374807;-6.838275883;-6.35555608;1.3621045105;0.3725631022;1.2469893216;3.2606714366;0.3442901877;0.548201785
4069129;395;0.9815374822;-1.1094336196;-2.9540024109;0.7966082521;3.6270326831;-1.8379323646;0.0045611839;-3.2917417796;-1.3340246599;3.6488714923;-2.1690945749;1.3715911566;0.1580232844;-0.5906452297;2.6986491046
4069149;605;5.7205790618;0.4003134074;-4.2280080893;2.4653471093;4.9948617399;1.0420098886;1.1721012292;-3.3888143153;-3.1327584117;0.2225795729;-6.9307202671;1.073791272;-1.1865404728;4.0114528793;-2.2361946043
4069154;675;0.5807567875;-4.2056940497;4.2320891911;2.2627030872;0.4720758063;5.4332111912;1.6148552795;0.7622858399;2.887525699;-2.5111040713;-6.4502856751;-0.675432713;-1.6009996718;-1.9469970599;-0.8549896408
4069196;580;1.1838981708;-2.9294671587;-0.1202504495;0.0574573543;0.7635936594;3.3347127753;4.2983965335;2.0555585202;1.4478949862;-0.9835282478;0.4962285474;3.61232898;-1.0438061874;-7.0470270018;-5.1259904819
4069258;738;3.0981534049;-2.2379617409;7.3885597445;-1.8711432541;1.6428022513;3.9794764225;1.2031265522;-3.4422269111;-5.0724342971;0.7735383618;3.0184415822;-0.2359474884;0.6644196564;-1.1107512462;-7.7980530379
4069281;529;1.8391937427;2.8781212601;0.3677802283;0.600444696;4.3161552433;-3.2223679742;-0.0114803984;-3.1194686972;-5.9523917458;1.2843738437;-5.5785188159;-0.2654522135;-1.2200824874;3.8848634328;4.1988298854
4069322;449;-1.9766127368;0.7601388932;2.748216059;-0.7688827067;0.00629983;-2.4882576025;0.086382205;1.9116410032;-3.4532088685;0.5879912974;-0.492843601;1.4627857415;4.1377121893;-5.424278518;2.9029168151
4069329;677;5.0473667884;-0.5099868509;-4.1156827319;1.9046451826;5.5907209572;1.8468525724;5.089234102;-0.2779806925;0.4010346263;-3.3819025718;-7.0456941797;1.0552491131;-1.7115466983;0.1247294257;-4.0170390425
4069348;588;-0.6795350437;3.1144012618;0.3139234456;-4.3533487443;0.4352835493;-0.5968090619;-3.9775889916;-1.5739735461;-2.3789477935;1.2383446943;6.8009494963;2.7984387921;3.4924942083;0.6834297369;-5.3170620033
4069385;678;0.0104496801;-1.1031989993;9.4465266088;-2.2333501573;0.2083262894;1.3391817497;2.6577469546;-1.6162700693;-5.1896288771;0.4261153407;5.5251444728;-1.1881308429;3.2207278366;-3.6238091414;-7.8798308455
4069506;529;3.5650968362;-4.3206277149;-2.2251420002;2.493345435;3.0037908401;1.9078718321;5.2666892745;0.1029460682;2.277556072;-0.3200800648;-0.6886160657;-3.6488528522;-4.3125814165;-1.3096722398;-1.7917240039
4069515;497;-0.6421558544;-3.8705615073;1.6660497911;1.7989496921;-0.7683770679;5.1676648259;4.1701075328;1.2503980958;1.0946909047;-1.6615901778;2.4093778975;-0.8215654367;-0.5763978647;-6.4030504686;-2.8135403627
4069590;383;-0.0317492896;3.3135581325;3.9094843658;-2.1962794411;0.0971644709;-0.1456803864;0.0967100051;-3.0995104635;-3.0731580051;-3.8352336914;2.1143763411;2.197216801;0.1134777341;0.8938341399;-0.3542107133
4069620;468;-1.3927725397;2.9284061891;2.5713261602;-0.9889709211;0.6433406668;-2.0694890029;-2.1906056168;1.348125574;-4.9105338086;1.6449274548;-2.0336869833;-0.8741876154;4.3899703822;0.2481404018;0.6860096588
4069643;638;2.7317937064;-0.6513414007;-1.3899735343;0.1589874801;2.2698717237;4.8345695335;-0.2264092659;0.9865045719;5.6990908848;-1.4128108247;-6.6629673013;0.7065969481;-3.7097586481;0.3409201857;-3.6750740593
4069671;569;-4.2232715008;0.7721048137;4.7425662364;-2.6279525872;-3.8851598234;-0.6083358063;-1.4551275574;2.2850289061;-0.0539804352;-2.2626058256;-0.1346939257;1.4836918776;0.4138021292;-0.7435041907;6.2974376892
4069695;375;-3.2097227486;-2.6050858469;3.0891850123;0.761427145;-0.3778208355;2.018390841;0.4662358257;-0.0286593893;0.346122172;1.9186888115;3.6589026146;-0.3672913264;2.2580590821;-3.7567874851;-4.1716438725
4069736;762;-0.0652091155;-0.597001147;-8.0466678661;3.6523039802;0.381711185;1.4981808394;1.5753922437;6.4919233285;5.8090186673;-4.3996567093;-5.0202033039;0.808432529;-3.0260717133;0.6425941268;0.2952529551
4069742;624;0.0216902949;-4.0585876159;6.5895837542;-0.7254665668;0.584967408;2.9720517336;1.3956284905;0.4479316896;-0.2132662284;0.6156025846;-2.69702405;1.7873180997;4.2751598516;-3.9410395686;-7.0545498769
4069753;519;0.1131927232;-3.9461451086;1.3514663635;-1.754521234;0.8083098194;3.9719673323;-0.0091439984;-0.2294922411;0.1570006913;2.3004914624;-5.5307609583;1.4299942892;0.0851439883;-1.214076034;2.4665729048
4069831;652;3.1988383268;-0.9560687457;-5.621778129;2.6870858583;2.7541066466;2.0268809101;5.6827638045;3.3547429852;2.8315525699;-1.6809053798;-8.910203613;-1.7069733371;-3.7415722285;-0.5575333507;0.6390636827
4069958;653;4.0418794747;-0.9635153933;2.3720142399;-4.2358298876;4.3358493794;0.2436754891;-0.2199174518;-3.0570536702;-6.7867767529;5.6342683701;0.2473532282;0.5103488795;1.9718577037;-0.8761629085;-3.2179907004
4069969;397;0.0871633036;-3.146680155;-2.0930918318;3.6883685786;0.5580891813;0.9981946165;2.641118061;-2.2157669263;3.8735636659;-1.8543247803;-0.0979800628;-1.5180151059;-1.1785922321;-2.2804137331;2.5383674204
4069977;626;2.9290897269;-4.2498528172;7.0405616935;-2.3165830514;1.4389288815;4.8518607127;1.6251957093;-1.6603476698;-0.9930909725;2.495251163;2.0321711957;-0.1206303039;1.0172105885;-7.0176857206;-7.0720791357
4070013;635;-0.1651936071;-1.8965296037;-5.0608323754;-0.0682976455;0.9225561618;2.0290138877;1.9288479279;4.9750912716;5.3128877903;0.5918978794;-2.4709876171;0.6739489972;2.3013263699;-6.8550218607;-2.2187075765
4070122;694;5.0325438227;0.1240468695;-3.8410736635;-0.1849977295;3.8720054647;0.4573759302;0.3482447497;-3.1843003552;-4.2816861706;-0.2512889658;0.3888873782;6.2475373174;-0.166903538;2.2593347432;-6.819725853
4070124;540;2.8170224919;1.3867163336;0.585453537;-3.3349999601;4.4446392384;0.1731962613;0.6046635915;-0.7914484963;-2.5142159274;1.4094463017;-2.6656253217;1.1324593179;2.922656237;-6.0400593099;-0.1299042949
4070147;641;0.4409786156;-2.0288375021;5.796834399;-0.6075637852;1.241147242;4.4530300074;0.8094468183;-5.3343502396;-0.6690839107;0.8615154207;-3.677018059;0.2891775532;2.8880191373;-3.6816519692;-0.7816437275
4070179;465;-0.1576427002;-4.0976626384;-2.980796184;0.2156267171;1.1801241266;0.327363155;0.8714001249;-0.0691588838;0.1574119303;-0.0806469752;4.3213010872;0.4277158988;-0.4886013915;-3.5100603493;3.8836260824
4070245;728;3.5436879282;-1.7054279675;0.1983505409;-0.0221447773;3.3818414005;1.4113772342;2.7722963896;-0.57565823;0.0961270859;-2.4748711823;-0.6023337393;5.9930804597;-0.3664031689;-6.0352932024;-5.6146287713
4070260;335;1.1023245766;-2.6265734272;1.9124386835;1.0722382367;1.5502356712;-0.0517105744;0.3703506338;-0.7405038238;-2.9570255539;0.6869530684;-1.9885935716;-0.095187304;-0.5553513343;-2.3136998362;4.6341045553
4070344;592;2.6146490374;-3.3200361194;6.4466183772;-1.8126360086;1.5304732237;1.1742207507;1.870018546;-1.4242128525;-3.2707816314;1.3220257347;6.3898739456;-0.662068973;1.2669564861;-3.4933080776;-8.6317924388
4070357;683;4.5450154993;-5.2572349491;-1.0848129836;-0.4911319504;5.2917665924;2.0123182054;1.3970988384;-0.7931622967;-0.7864992624;1.0162480996;-5.0590371322;3.1861230688;-0.4545649831;-1.9232107404;-1.5989160061
4070363;535;0.9995504376;2.988910712;1.4879813655;0.5200606053;0.9000818478;-2.0875808532;2.1454713976;-0.3923253434;-2.0658603718;-0.391658043;-4.7462504064;-0.3999630495;-1.0237399175;5.8482775486;-3.7829559298
4070414;634;-2.102850172;-0.2199776987;5.7752217052;-3.4158667979;-1.871640732;-4.6515340012;-1.5612875618;-0.3638165919;-1.523916957;2.9861957217;8.7820052891;-0.363420768;2.6818981509;-4.5809684233;0.4299588368
4070448;727;4.0952514139;-0.9362603328;-3.6915204059;6.8490182214;4.2756951953;1.4743343621;4.5358086727;-0.1575291975;0.9688175112;-1.4104510559;-8.4913115439;-2.9984254769;-5.1518938309;0.3461796302;0.2922868371
4070493;389;1.5683438357;-0.4959061437;-2.0839384961;-0.721344513;0.4205102232;1.7525835827;0.7145777011;2.8353470277;3.7609423047;-0.3546556634;-4.1369224726;-2.3660375013;-2.3054511979;4.1028252023;-2.6908738895
4070536;710;2.8575120938;-1.7958576936;-2.32432499;0.6094997939;2.4720215006;4.3678680218;1.8885691863;3.4967876975;7.2466372015;-2.9940930782;-8.1987773653;0.4601800364;-4.4916146325;-3.5120583528;-0.0823494194
4070541;537;-1.857017511;-4.444962954;6.5514027712;-2.4667702945;-2.6193316434;1.9963023109;-0.1680576999;3.6693751082;0.4853825109;-0.0456011114;0.8952882369;-0.2267475635;3.0751420886;-1.1878905156;-3.6565137334
4070572;622;-1.2888908788;-2.3868821349;6.2278910143;1.4888290009;-0.6146887099;0.163543062;0.8150976098;4.4387818773;1.5794341722;-4.9339308091;-2.4468258765;0.2144603176;0.5515895996;-4.3730940336;0.5646857892
4070647;523;-0.2436050335;-1.1892644945;7.6225266648;-1.8049602704;-0.1280619735;3.0201859637;0.9952237339;-0.1896704757;-2.0507864792;-2.0551764561;3.6313895864;0.1766956917;1.6488974726;-2.9587149962;-6.4746789341
4070673;668;0.0926005305;2.5393804437;8.2673963091;-6.1098182622;0.4111978482;-1.0063885754;-2.4877051609;-1.3562431971;-3.7872362152;3.9033326682;1.4444585541;0.0551638251;3.0704847496;-5.1170525857;0.0804290678
4070677;785;5.9806855533;-0.9245654816;-1.2245561609;0.7937120524;5.9253206896;2.5214207163;2.3375062532;-6.1317067002;-2.5907235471;0.266263746;-3.3503369452;3.3072348493;-0.4751564137;0.283891864;-6.7189904752
4070695;623;1.4459981929;-4.0859927561;2.9826026152;5.6346152167;2.4357905352;1.6226566768;4.9903232689;-0.9287340409;0.6023134612;0.3741377633;-2.6622841284;-3.4825025495;-1.0326001128;-7.0678117361;-0.8285124065
4070697;411;0.1876755764;0.9581762427;1.4420510692;-1.3268493916;0.0898091376;1.4144577504;0.702027981;-5.3513433084;-3.0318911834;0.7931043709;5.5915441925;-0.2276181215;-1.7800234325;-0.9608551518;1.4997342684
4070829;512;1.3493189288;-3.5244046464;-1.9515986499;-2.0232280245;1.8398365035;1.8001145581;0.1399566522;-3.1300040309;-0.3270664789;4.2494223959;1.0772752625;4.2309349502;3.605760156;-5.3799636371;-1.9563539396
4070839;632;2.3120323962;-0.6179288332;-0.1908779017;-4.4352831513;3.1706621408;3.8951465604;-0.0940304853;-1.443230605;-0.7699961587;4.3861280064;-2.0920075842;1.5209954184;0.8203677605;-0.3447032228;-6.1172743405
4070842;379;0.1647065371;-1.0955710648;-4.2032128881;0.3682794591;0.6623940766;2.7261465243;1.7843516922;3.5061047975;4.158761723;-2.3397553079;-4.8589141868;2.3187043035;-2.8899594401;-3.2165059955;2.91446977
4070850;748;2.6585179536;-5.4854497882;-0.4041078485;0.463013827;2.7793710515;4.88611084;2.4009960861;-1.7678779596;0.0826955552;-0.4719965371;6.9318546906;0.293612666;-2.5496272277;-1.3130795033;-8.5040338057
4070869;443;-4.5677015843;-0.7921322552;3.2614379026;-0.9634220704;-2.5675797925;-0.7647353446;-0.1973564747;3.6220250112;3.3837850685;0.2801396948;4.0500915307;0.0709022273;2.2166250051;-3.9085333243;-3.1235455943
4070913;690;-1.1038230665;-0.7400450113;-4.2538833451;-0.5975623345;0.3075204014;1.3396883645;-1.6026662889;-4.944315011;1.3969972411;1.0442117888;6.9345479264;1.4557027918;2.9702970736;-1.4857063895;-0.7209641408
4070938;538;2.3971197704;-2.3832681717;2.5169411098;0.3938568028;4.4286591006;2.6503880213;3.64808684;-3.9364444729;-0.2622489978;0.8807830701;2.8856517436;-0.5303936623;-0.5600467882;-4.2327786778;-7.8963056879
4071123;687;0.4479940574;0.266051685;1.242052856;-4.0319715334;2.0762492843;-0.8407443105;-1.0174300713;-1.2845643638;-4.0118880377;4.7445353734;-0.1383018816;0.3838719811;2.7128039988;-6.1424301685;5.5937711308
4071195;548;-0.2155010896;-3.6902302998;2.8445270883;2.2705563617;0.2540460284;2.7771578244;4.4015621513;-0.3646091562;0.4473055555;0.4946522939;5.196503348;-5.6657048235;-0.6920297323;-4.6893670955;-3.3688684544
4071200;563;5.3396435868;-2.2480458686;-0.5265854756;2.1938325791;3.223532719;0.5837193735;2.613402698;-4.5141470682;-5.6715446375;0.265142398;0.3797943761;4.0496974987;-0.3872862203;-0.1696842941;-5.1314716648
4071227;573;0.7974287495;0.3450102845;-1.4793390596;-0.5755687063;1.6040114749;0.0610014574;-1.4023419471;-5.6637519113;-5.2750878641;4.1679604452;0.5384254256;4.2381812407;1.4687953957;-2.6753647062;3.8506397212
4071229;454;-1.2375942092;-1.5572460308;3.2798966206;-2.3819957526;-0.3277385809;0.589545603;-0.7368677794;0.3484118114;-1.3418200813;2.9275037632;4.9135013126;-3.9228262359;1.962658087;2.8275529588;-5.3429814865
4071267;612;-0.4789266953;-0.5708909741;4.8065019511;0.0812423752;-1.4368310518;1.8364067711;0.7377322814;1.6696946347;4.4717783705;-5.7225268541;-2.5569694803;1.6036411505;-3.0406522465;0.056517558;-1.4567177904
4071425;607;-1.9761895948;-2.0957199359;6.7541440473;-0.2191046879;-2.6408627251;1.2599103168;0.3834309075;1.6899218975;1.0633739046;-0.6119198749;5.6584650393;-5.3560374661;-0.4709814693;1.3363266141;-4.7747569731
4071607;622;0.9394173634;-2.6906339665;1.2575483381;-0.0007736499;0.6451549422;1.5826666024;2.1961273315;-3.2620537347;-0.3123906421;-0.413288982;6.7819318262;4.8705482325;0.4421296155;-7.2218264845;-4.8145567919
4071632;580;4.9127914202;-3.9859920187;-7.1483267027;1.8808779981;5.3089984305;3.3077706925;4.6741824963;-0.1296313474;1.1318896395;0.5628241206;-2.894642937;1.4495207547;-0.8973148045;-4.9711356541;-3.2018120878
4071711;617;-0.509193382;1.734068896;0.5306857241;3.6658748504;0.2394860008;-3.2682812213;1.321216242;-2.063532262;-5.5104363048;0.0517796705;-0.0537120929;-0.7351904261;0.9407838732;-2.3224499258;5.9789003579
4071823;455;1.8708997255;-3.0402790061;1.2101776967;2.9875652581;3.6431064449;2.0991673164;4.1784257812;-3.455936182;-0.9937024801;0.193772993;-0.478939549;-2.2339854382;-1.9650651193;1.2456196597;-5.2608271008
4072178;536;1.2970944735;-1.5332204408;3.5743895693;1.9725433138;4.0904802616;0.5092992626;2.3560955099;-1.0269158432;-0.8072896882;0.0524722211;1.8046758102;-5.0161735756;-2.31034925;-3.378207472;-1.5848941522
4072183;566;3.9627567949;-2.6788523842;-3.4853991861;0.1424685021;2.634474731;1.4446672471;0.722655434;-0.1476641231;-0.1511486123;-3.9960873787;-0.058923229;5.6347270127;-1.2961054156;1.6648386469;-4.3924080396
4072195;398;-1.2145828049;-0.8397347848;-5.3625766326;2.3705910525;-0.1695629834;2.1142543427;1.321234857;-1.7373893823;-0.6513409715;1.2964564602;-0.0019611803;-1.1789631977;1.3555985413;-1.2077352961;3.9057119799
4072197;711;0.0376234239;-4.1157800923;6.2276720495;-0.4106178579;-0.0664973561;1.654996632;1.7017530086;1.8983567103;2.5545283063;-4.0538927261;-0.135518731;3.7653627155;-0.6065343854;-7.5358031405;-0.9156485568
4072216;804;-0.1828195039;2.4766380753;6.8976393818;-3.2468524615;0.503550241;-0.7774103734;-1.3322511026;-6.1766824414;-7.2886039638;0.3164200082;6.5659063101;0.009790799;0.7143866992;2.8142222129;-1.293933881
4072827;773;0.706083919;-3.8955930823;4.7580656178;1.3808605836;0.4679437491;1.5139902645;5.4502262298;0.2193093116;0.9080022295;-2.9315932503;5.9760082207;-0.0157055483;-0.1513517418;-8.2834774023;-6.1027691007
4072832;550;4.915552197;-2.6737407907;-4.0634312002;4.1013070008;2.9398214716;1.8219797855;4.0957436979;-1.438951102;0.4242989981;0.0838001157;-1.2332074889;-4.3172999123;-3.578204167;-0.0477448787;-1.0299237267
4072833;394;3.193758092;2.563971011;-0.2327770648;0.1916930094;2.3013859524;-1.9665010849;0.2935635881;-1.4476632855;-2.4660446298;1.618735856;-5.7541522307;0.6317987315;1.5263749868;2.4261534541;-2.8802963857
4072834;467;2.9808687942;-3.4952523096;6.3835600459;-0.5016633626;2.3946372856;1.5439922523;0.0543234573;-2.7209454651;-1.316128198;2.7081407432;0.66374195;-3.6872262446;0.2914508294;-2.9246009909;-2.3748987869
4072838;629;0.9067796353;-5.0366353023;5.326642668;2.3485309969;0.9032045714;2.7844061541;5.156961694;0.8865125364;2.6138834102;-0.330437801;-2.2480348817;-1.5009131656;0.1484094931;-4.1078387709;-7.8514712381
4072840;421;-1.7849933173;-3.0132945298;8.3627188467;-0.9289601699;-0.4615948399;-1.6457191086;-0.0738270289;-2.1899352613;-3.0930208687;2.1319669593;5.0971802347;-0.4062744243;3.4877608741;-2.5134153696;-2.9685919964
4072841;643;0.1855559997;1.7061949845;4.1630171199;-3.3884932266;0.1308424611;-0.1843374942;-1.4588302411;-6.2600411627;-2.4126981023;2.6406048502;7.9646786852;0.4327408951;2.2776602736;-4.4083624758;-1.3885325666
4072853;628;5.37602364;-3.1603099821;0.1125702299;-0.2200674626;5.5587331169;2.2769454308;2.1781935444;-2.7860024011;-5.6382701471;2.7111730797;-0.6601697855;0.6373901028;0.3957501041;-3.2229998032;-3.5589596669
4072854;572;-0.1753595794;-3.3209980819;0.9643647386;-1.5753237269;1.6151526236;0.7567472706;-0.2586067273;-0.8798526552;-0.8638315187;5.4819298686;3.7958191799;-4.9751307819;2.4580729307;-0.4947843566;-2.5281991841
4072864;689;-0.6270671962;-1.8754839827;8.0734961922;1.0932180202;0.0222844911;1.2962482964;3.4112217702;-0.6887786772;-0.7146644866;-2.4222825446;2.8889369529;-0.6080842678;3.1129907938;-6.4501324186;-6.5119029431
4072882;563;0.3088326961;-5.2502900507;0.4960832533;-0.029236064;-1.1063138961;5.3747366798;-0.4243121133;-0.6089503438;2.1873075847;-0.8742815847;3.6708065905;3.2628543187;-1.474293402;-0.9222512272;-4.6106924414
4073008;515;-0.6192853392;1.9246188351;2.689494397;-2.9511048078;-0.1047019966;-2.6324626992;-4.8005522556;-3.2180830801;-1.8227055908;-0.4259643779;2.9105211609;4.4066346173;0.2453074749;0.1383975307;4.2598861314
4073026;709;-2.1306969421;-3.6022847551;0.4105899573;-0.2118088868;-0.666537178;4.9251264468;1.4295736934;0.8054607616;6.1049613697;-0.4656116842;4.1376377304;1.9876917384;0.5623851884;-7.270611997;-6.0158754429
4073113;470;-0.2003751207;0.8750315434;0.1442193302;-4.576675001;0.8577479916;0.1843172084;1.5948131223;2.5371992643;-3.2551766852;2.9099997532;-0.2292840941;-0.1831489198;2.0510186191;-2.4023199214;-0.3073670902
4073158;665;0.0133281922;-5.6689828546;3.7431101291;4.6301730526;0.1730736762;1.9268869717;4.8822473033;2.6445163655;2.054193986;-0.9091024717;-3.0658416538;-1.2280147208;-0.7449581377;-7.03980441;-1.4108254281
4073317;591;5.1750641394;-4.5010261009;-7.1445540794;1.192801773;4.2287167878;4.8145309251;3.1166775876;1.766922166;1.3363195245;0.399513762;-3.1309587597;1.1947360794;-1.6651437062;-2.6713675416;-4.112232557
4073447;319;0.7222553984;-0.5124030895;3.358827696;-0.1578034352;-0.6069377118;0.1191706857;0.0186786116;-0.5533353482;-1.6603035951;-1.5401859872;3.258810789;-0.2743750913;-2.4885889885;-2.7833177047;3.0995077707
4073505;496;1.4992269161;-1.5906147752;-2.4358803177;-0.7611054405;1.6423123258;2.9624824694;2.2251384111;-3.0892122182;0.0015113463;-0.792812305;7.0272779353;3.0913635088;-1.8487008031;-3.0406145693;-4.890372484
4073857;401;-0.1612303157;-0.399614721;2.8011951919;-0.8336948029;-0.0006950825;-1.5716354668;-1.869827944;-0.7037956461;-2.3238177992;0.335316206;6.5627069953;3.3352905078;0.5011352988;-3.012808026;-2.6585243956
4073994;442;1.700772048;0.1063183367;-1.9161661123;1.6387550759;3.2659978196;-1.8011482714;0.5923095315;-1.673008245;-3.7713776619;3.5835617108;0.2495694701;-0.2070741156;0.3154932207;2.8534434015;-4.9374462085
4074877;449;0.7062362816;-0.3660525251;-4.650707251;-0.2792980446;2.4064056154;2.4745260719;0.2175565531;-3.9138103365;-2.5249238444;0.4175335351;3.6918280307;3.8509718019;1.4249990967;-3.1362307017;-0.319034283
4074898;627;1.8930293289;-3.9248994631;7.2846753273;-0.6037473149;2.2886877095;0.5181422393;1.2477203484;-0.832235278;-3.7496266076;3.4560132024;0.8206691772;-0.60168574;2.6591938224;-3.0502481418;-7.40568861
4075001;591;-0.806059683;-0.009723484;3.6012488556;0.2202247527;-1.7530574972;1.1014260727;-0.3921787895;3.0818485676;2.9512734694;-2.2495380514;-6.4125111231;-0.5067091862;-3.8061140117;4.9253029532;0.054567155
4075051;543;1.6127062537;-0.2394853098;0.1335010664;-3.5679757903;2.8005642321;4.4869216642;-1.7223073235;1.322577955;0.2021628171;0.8186157558;-0.9332108911;-1.3489848362;0.0315322948;2.3850568362;-5.9816747244
4075105;611;1.204245984;0.348806151;0.161510928;-0.1630774412;2.7336701754;3.6746594746;2.1476776114;-4.9194675082;-3.5719754501;-0.1270180164;6.0355894353;0.1742691193;-0.0461812097;-0.6613822637;-6.9913269898
4075109;454;2.3705292276;2.9608731862;-0.0142263804;-2.7003023173;1.3436644454;0.7567631479;-0.3486729511;1.4257674896;-0.7597774273;-2.1739279678;-6.2437662637;2.5449681952;-0.0178777384;3.5592040645;-2.7032187103
4075374;145;0.153257337;-0.2653772314;0.8039130354;1.3493033203;-0.4081282989;0.267003167;1.0865245117;-0.1598174382;-0.1206481414;-0.2058061136;-0.0863326257;-0.153450749;-0.1787298971;-0.1160034847;-1.9657073916
4075458;604;-0.3489033322;-3.0113084187;2.456789339;-2.378325043;-0.5327291175;0.2314156395;-2.4364491437;0.5660189164;0.8619258056;2.0734428305;6.6623650712;-0.5497900804;0.1290534887;3.651675946;-7.3751819016
4075965;540;1.5936686506;3.6905508884;0.2774779989;-0.9283815397;1.3437756953;-2.06401732;-1.1187969365;-5.8070045788;-6.2936238759;0.6371361344;4.3328183675;3.2526908123;-1.369359777;3.1130802696;-0.6600147893
4076735;560;-0.3783110141;0.1965446136;-0.4243875468;-0.1900348381;1.5228269406;1.4084340785;-1.3148955458;-0.1467912645;-1.0290342417;4.0498136989;-4.8356192937;-4.2462345423;0.634216624;-0.4494557302;5.2029280615
4077205;556;-3.9627706168;-0.2834252712;0.9044178526;-1.1987284757;-2.9658694529;3.3090652214;0.4669704608;0.5118224934;0.3039140819;-0.3502612347;2.4450822102;-3.335061342;-0.6289835887;5.2183663239;-0.4345386622
4077418;369;0.8078800494;1.7147602418;-0.1779763487;-0.5788071683;2.6972037679;1.645280141;-2.6949295366;-1.7387080288;-0.8869998334;0.3259105127;-6.1996101167;-0.102390652;-0.0696390233;2.5916029314;2.6664230636
4080755;680;3.8283963813;-2.2530666151;-0.0129279819;1.107682422;1.8393539115;6.1777049363;4.7759209714;0.0275469854;2.4938747847;-1.1285953079;-0.2276912619;-3.8030703354;-4.7190209978;-0.6453604126;-7.4607474798
4081094;640;1.2241891592;-2.6149416317;5.5269328693;-0.1870394248;1.5776520044;3.2620195588;0.8239585455;-1.5565248209;-4.1574878587;0.3222171891;0.2133148053;-1.3591634934;-0.1789879658;3.6363008149;-6.5324397511
4081107;676;2.9353405087;0.8007273249;-0.2570081583;1.6522802863;3.7489779043;-0.2053661852;0.7622025493;-5.6850069447;-5.0197870297;-2.5028968804;-1.6495937676;0.6479114858;-1.1432651462;0.2495951229;5.6658889298
4087408;490;-1.3680737293;-0.4105697944;2.9558269304;-2.865697111;-0.1656046188;-3.3961301066;-0.8268826364;3.9996266721;1.5142298914;0.7185132909;-0.6091643843;0.7058606992;2.9306359331;-6.0019506498;2.8193796136
4087903;584;1.6405107441;-2.9180060189;-5.6245782135;5.6404849846;1.1415581385;4.2020749509;2.9654465334;-0.9032378811;4.5311879629;-4.0925728968;0.2342987621;1.2750919775;-3.0893430232;0.6585148139;-5.6614308345
4088513;745;1.4014885849;-1.5005086025;-4.1302611122;2.3459017195;1.3500628916;5.1082418947;2.2931526109;4.9821673708;2.3955926684;-2.5100401082;-8.3991991376;0.2966314814;-4.1405651875;-0.1328469866;0.6401819124
4088877;532;2.5164227217;-1.0016802988;0.0460566404;-0.1713326944;1.3561626271;0.4642994976;0.6487817516;3.9201456343;0.6646849918;3.3616141597;-1.5168292352;-0.5247085825;-2.2984272032;-3.7046136266;-3.7605763835
