"Respondent","att1_1","att1_2","att1_3","att1_4","att1_5","att1_6","att1_7","att1_8","att1_9","att1_10","att1_11","att1_12","att1_13","att1_14","att1_15","att1_16","att1_17","att1_18","att1_19","att1_20","att1_21","att1_22","none"
4057267,-2.783762965,0.4817127974,0.8151764109,-1.264154719,-2.678180949,-1.918964999,-4.664878381,-4.236296362,-4.515730279,1.764192063,3.934700753,0.7027974657,0.8466074454,1.950990233,-0.4656863815,1.520400881,2.06508276,0.2624513528,2.298577527,-0.5656461958,2.470685469,0.6592906584,-5.319461718
4057341,7.611938947,-0.6070367624,0.04984574778,-0.326982399,1.093176149,5.01521249,-2.685497205,1.031078297,2.580446675,-0.3883033771,-3.515278099,-0.3794874081,2.455531982,-0.7782898489,-0.6546838966,-0.7453381376,-0.7966991537,-0.1711158592,-0.3072790553,-2.357672934,0.6059056609,-1.452034032,2.616718887
4057620,2.694340708,4.080281861,2.788970381,0.1967199852,1.088447064,2.966768158,-0.4263764436,2.667339646,-0.7855915443,-0.1522811033,-1.784935031,-0.8260409517,2.417377283,0.08976328368,-0.3615063764,1.180134806,0.3377936789,-0.2112972631,1.370672365,-0.6753430119,0.6236514786,-0.006466998962,-1.557279723
4057634,-2.081244043,-4.119036109,-2.332356549,-3.569458056,-3.948403761,-2.970493362,-1.472434801,-6.589953205,-2.518644175,2.360332974,3.567747366,0.06812291232,-1.104837979,1.579235982,-0.667129093,0.4007599004,1.824555856,0.7864929088,0.3922604603,0.5940154206,1.750692289,1.064382466,-4.285908887
4058055,-2.742434503,0.5608117689,-2.0807894,-2.773505959,-3.214575161,1.302178271,-0.05558348601,-2.824767588,-2.946617736,1.150549686,3.285343755,-0.6247989507,-0.004377931858,1.929022879,0.2696713494,-0.2494328907,2.487129566,-0.4219373645,0.5955038056,-0.4028239878,0.7474885874,0.9589779152,-6.221180258
4058415,3.490465685,-1.975173823,-0.5111944479,-7.021115913,-5.772626282,0.8705938423,-2.352100963,0.2268420108,5.103569524,0.07089902436,0.3426650011,-1.095412724,1.437513726,2.282372516,2.394391359,-1.565821948,-1.787017687,0.6019602452,0.4642907376,-1.81029142,0.4493845729,0.8406829833,-1.946067545
4058751,3.345596475,-0.02495930044,-0.6116473036,-1.746737244,-1.199085673,3.580619883,-0.6815502434,1.143544822,1.718477919,0.0956301643,-1.302729743,-1.025896902,1.434691642,0.1652015176,0.3519223316,-0.6376629556,-0.3219890044,0.09592631664,0.02095931705,-1.017013559,0.3208298513,-0.1180919171,-1.108270258
4058933,0.03961616169,-3.297706808,-0.72588825,-5.267502806,-5.008960361,-2.657617082,-5.563736126,-6.910260427,-1.860400308,2.18378585,4.346035016,0.9994268917,0.3990524937,2.943078616,0.3217373573,0.04373504395,1.484653385,0.5637587654,1.151637954,-1.362596529,2.352271086,0.7857254572,-4.503659358
4059152,-3.785958468,-1.7164944,-1.328545527,0.02550998011,-2.057415984,-1.644231384,-1.115618708,-3.754217681,-3.543150274,1.874713347,2.718495245,-0.5213789965,-0.8548549218,0.4789058371,-1.118122937,1.270506247,1.692579105,0.6717263725,0.9852128264,1.124112146,2.021936816,0.8460415167,-3.913742095
4059167,-1.184728682,-2.294919897,2.03884474,-5.065758824,-4.83293145,-3.979791441,-4.655815938,-3.819168158,-0.4280213985,1.431463573,3.063717541,0.08881657881,0.4462651225,2.269483898,0.6325769502,1.31279511,-0.1338924727,1.17276838,2.074113601,0.2239398236,2.170201273,1.205681829,-2.72156339
4059261,-0.8864559601,-1.304857073,-1.5767114,-3.904512838,-5.683667667,-0.4564704147,1.96649372,-0.7125570901,2.451828451,0.7451824089,0.9886397437,-1.67876087,-0.8092881655,0.8494974876,1.063624906,-0.9966039667,-0.7406703922,0.5148060591,0.04783203327,0.09493850718,0.5986521715,1.864364565,-4.457535665
4059293,1.611023593,3.460450011,4.219773595,-1.989865335,-2.081239921,0.1448831024,-2.249578278,-1.627229103,-2.236983462,0.7818394849,1.023798143,0.2440251599,1.706552327,1.637152813,-0.1775356645,1.335006987,0.9944040047,-0.06742355396,2.057619869,-0.9746192474,1.018437822,0.9097994033,-4.960978838
4061777,-3.750858685,-5.344699455,-3.348780047,-8.039481625,-8.206168472,-3.026781445,-2.271400481,-3.745069818,2.024199937,1.667061934,4.597691117,-1.203921099,-1.087327098,3.11669078,2.360653268,-0.964044253,-0.1890319644,1.279080697,0.5265839443,0.3243475714,1.358075133,1.855337456,-4.76147062
4061809,-2.714646838,0.4271661071,-1.536616811,1.270783985,0.3662130742,0.5725399907,-1.784779533,-2.874755539,-4.989082819,1.697823738,2.019153367,-0.02715985444,0.21006735,0.404870528,-1.466354616,1.270019136,2.69272184,0.04460249696,0.900872148,0.08951586457,1.635939499,0.04370770924,-3.840357815
4061974,-4.554579885,-6.159956058,-3.830870372,-2.91943045,-2.531410869,-4.048422892,-3.931667706,-3.946197229,-1.444462187,1.659812164,3.17261607,-0.4785823565,-0.7949489784,0.8629946312,-0.2852225968,1.131376118,0.6342798608,1.595462229,0.9003481127,2.04344477,3.135741587,0.551192316,1.06931325
4061975,4.124994727,0.7402848372,4.784751035,-6.279667062,-5.683656479,-1.189346043,-3.307687856,-2.665867059,1.837198272,0.9021162261,1.209601239,0.2242117072,1.539814026,2.732448793,1.256347623,0.3135023573,-0.8691875685,0.3057090863,1.575343799,-2.110268458,0.7721130543,1.290498509,-4.964195444
4061980,1.819781459,1.00603629,0.5720387804,-2.143743662,-1.145461774,1.996713327,0.9318975777,1.188113604,1.191416115,0.150847521,-1.116391061,-1.333596222,1.09740928,0.4014771035,0.2962681597,0.2750359883,-0.1663175528,0.1935370353,0.4026456208,-0.337098913,0.2380237306,0.4946987625,-1.810753173
4061985,7.070584637,3.107251635,1.111111187,-0.7264137982,-0.9046700497,6.910022595,0.4940638726,3.453240496,3.348658519,-0.719221567,-3.48500582,-1.117639608,2.333231544,-0.4467329954,0.5527562328,-1.57182745,-1.038986059,-0.8517562916,-0.2610318921,-3.12484228,-0.6268462112,-0.3361264042,-1.786188473
4061991,0.8494156338,-0.1422749873,-2.777539664,5.658120583,2.746956829,5.135352945,-1.24402818,1.392247372,-1.498638652,0.4359832059,-1.995456972,-0.6661951586,0.7505029103,-2.697579736,-1.851489159,0.02340866298,0.7309414105,-0.07942432347,-0.2125040776,-0.8662736837,1.450011963,-1.396815412,0.9786520705
4061995,-4.838609839,-3.033949567,-3.859990695,-2.394167735,-3.778666516,-1.362465339,2.236103911,-3.584900643,-1.839731022,1.586911067,2.800354421,-1.428468057,-1.978718703,0.7299974296,-0.2035386936,0.1424247581,1.51626644,0.9377438234,-0.04544284532,1.827536394,1.223287548,1.67204595,-4.399916201
4062037,1.848530892,5.152516283,4.62658107,-0.6670776536,-1.824898165,2.632723979,-1.704373435,-0.2588856857,-2.228745827,0.4973914741,0.5479789238,0.1391135282,1.839095323,1.129804735,0.02939724055,1.050374709,0.9902502867,-0.6618834942,1.684189769,-1.816632574,0.5867258478,0.5437603595,-5.888910787
4062039,8.152218189,1.645522666,1.302292704,-3.579998704,-1.857349148,4.918917812,0.7721792729,4.650099178,6.089578676,-0.9996695575,-4.11647616,-1.733619516,2.618604009,0.1746368649,1.337614134,-1.474167311,-2.400208816,-0.07084643913,-0.0213985549,-2.540625085,-0.7802302994,0.09005059476,-0.04204340707
4062147,-3.536643639,0.1919497589,0.2384012637,-2.342635588,-1.465618229,-2.631377812,-1.652040574,-3.976777992,-4.713508151,1.586451138,3.110412684,-0.1897707831,0.2861563625,1.905702553,-0.7817141891,2.178602617,2.436248003,0.5172298296,1.763554141,1.437650061,1.880000084,0.9930938918,-4.031155308
4062172,2.754356351,-1.132404071,-2.138520922,-5.080236985,-5.363585777,4.067891549,1.332704503,4.665338476,7.323867038,-0.8767447425,-1.581397936,-2.654068429,0.8060993347,0.4461526757,2.9094307,-2.482347569,-2.762794305,0.3041164954,-0.4498290198,-1.24884142,-0.4350690904,0.9658491803,-1.351249521
4062173,-2.569174802,-1.069467847,-4.330326328,0.9052815507,-1.318803586,2.44729783,4.90497076,-0.7644153383,-1.197661981,1.024849595,0.03531357001,-1.971807181,-1.643557347,-1.149527823,-0.804980356,-0.6629230846,1.281078958,0.04315969727,-1.079108567,0.9580045283,0.3094255436,1.041195141,-3.92641521
4062530,8.209007368,2.374722259,1.273652115,1.640825978,3.809845203,6.477969897,-1.172195324,1.757493742,0.1841534035,-0.1060696346,-4.321221028,-0.2430541048,2.996812234,-0.9348428177,-1.419525965,0.09372311401,0.4342749861,-0.6201466354,-0.3791053389,-2.696990137,-0.007351379926,-1.704756821,0.8601373036
4062549,-3.740826111,-1.932219527,-2.108614622,-0.8843342161,1.428877279,-1.725526415,-4.090041769,-4.873916908,-6.278155049,2.093673159,3.411558153,0.5527213809,0.7505949362,1.676739462,-1.503231985,2.317113262,3.402172995,0.4573441316,1.220033709,0.767415293,2.538325442,-0.5864751353,-2.026992889
4068078,-2.155006261,-2.670975933,-3.662488951,3.147202544,-2.834783909,1.961366935,-3.13090284,-2.098621273,-0.8557188294,1.790721431,1.597796633,-0.242798206,-0.8577637198,-1.264722569,-0.4489966105,-1.107850755,0.4787750608,0.2906785208,0.1088309085,-1.552475209,2.115869317,0.07967295463,-3.745637582
4068123,0.3708054306,3.279445121,-0.5964574686,-1.941090749,-0.8311410926,5.0304422,-0.4514964481,4.314078908,0.5051036465,-0.6495313574,-0.408757907,-1.532751851,2.216860369,1.035030186,1.376065676,-0.2705341342,0.3286997361,-0.5546961293,0.858789474,-1.043301566,0.1459934766,-0.02917898982,-2.525542763
4068137,2.040922989,-2.660052037,0.4428087387,-5.331173735,-4.219887528,-1.815443849,-5.233667153,-4.581379144,0.1491300347,1.642638256,2.427633411,0.4274730372,1.189141406,2.660044353,0.381366632,0.1123836118,0.2991348577,0.634613562,1.185208581,-1.511521517,1.915712776,0.3295894746,-3.022680479
4068154,1.048716621,4.963839139,0.573569922,5.149426909,1.844099886,5.424121633,0.3045768666,1.748400512,-3.209603475,0.5084306043,-1.407427481,-0.6405441411,1.383579635,-1.571301784,-1.578867531,0.3886104339,1.627275924,-1.01010574,0.7204946973,-1.602729872,0.7120061686,-0.4078939361,-4.026690418
4068170,-2.307516429,-3.02420149,-0.8042187563,-5.087752032,-4.342438454,-3.801179391,-4.233956676,-6.403771926,-2.811337091,2.428354368,4.583975197,0.379901663,0.01581687328,3.05512433,0.06379632507,1.029707465,1.702893297,0.7565071454,1.47446234,0.06171585995,2.166013484,1.195428364,-4.828136491
4068193,4.931547763,1.070303514,0.823719963,6.266952818,3.803831036,3.671846616,-1.423322946,-1.229088077,-2.6297136,1.238265292,-3.137113771,0.2358300211,1.169472461,-2.434538114,-3.272116912,0.8675003443,0.9863072418,-0.1615685694,-0.07818176728,-1.764856833,1.346131051,-1.331904093,-0.5131536565
4068200,0.7579870928,2.269157181,-2.123296067,7.217007937,2.830911052,6.252417203,1.304294533,4.934355643,-0.332225761,-0.0466163259,-3.492003761,-1.702587263,0.7199747237,-3.498023106,-1.547756698,-0.3098922453,-0.07054822043,-0.3230667261,-0.1512614694,-0.7315166552,0.8406672753,-0.8207333645,-0.1521270677
4068201,-3.636408496,-2.356371562,0.1650997825,-3.128116088,-1.296231136,-4.11506431,-4.668430315,-6.447986356,-5.628345512,2.26029903,4.411130868,0.8004754227,0.3717106305,2.443344038,-0.9858844682,2.555396731,2.799619887,0.9849218821,1.783857784,1.333956441,2.778147084,0.4316282293,-3.258789599
4068202,3.158160932,2.283873968,0.09907070373,-0.381412111,-1.156615312,5.646329924,4.110060588,1.277014578,0.8641987686,-0.06756163617,-2.080213534,-1.538632799,0.3172424587,-0.6542762623,-0.08493786918,-0.6988651679,0.430257744,-0.6681167955,-0.8878586685,-1.121421831,-0.9687954257,0.4924753014,-3.966272901
4068206,6.752533513,1.899757823,0.6907278526,3.744595478,1.639617595,6.220111181,-0.8913431843,0.6513067555,0.2557334311,0.4345690315,-3.496906497,-0.2988256836,1.673086086,-1.799051824,-1.7262072,-0.6719654241,0.2201500519,-0.5660997963,-0.5112059309,-3.008552506,0.2446666369,-1.057103608,-1.276215853
4068219,3.028425679,2.490373686,-0.06433186798,-1.785494307,-2.304657968,3.53464379,6.39724039,0.7094482264,1.452070493,0.1052633712,-2.124686812,-2.079310311,-0.1936299742,-0.1606245033,-0.1012393814,-0.9863185429,0.05338880215,-0.3497661567,-0.8405684217,-0.3935185821,-1.288121102,1.547894958,-4.977797988
4068228,-1.63615078,2.681434618,1.055163785,-2.35480044,-2.58480631,-0.6825229091,4.499985779,-0.8642248411,-1.749822232,0.8254741008,0.6158979307,-1.5890314,-0.2351109338,0.8227978159,-0.1830082467,0.9746489779,1.076992448,0.129554079,1.042763258,1.267397122,0.1433151215,2.068553273,-5.877210151
4068241,-1.435193675,1.239324896,-0.1049792258,-3.006893009,-3.326047095,0.50520135,3.263457075,-2.260618019,-1.691108612,1.044841751,1.596443275,-1.185090106,-0.5164609048,1.304447466,0.1461061067,0.2820988483,1.587101784,-0.0554859615,0.2500295946,0.3959035003,-0.01630671318,1.708136963,-6.443117482
4068253,7.112730907,3.843395996,-0.1981201114,1.211680084,1.461480963,9.795246243,1.348414901,6.540107071,3.539836103,-1.418191022,-5.015831404,-1.723338726,2.905847653,-1.546570821,0.5596766313,-1.745334747,-1.054807426,-1.120838681,-0.8299812276,-3.129937951,-0.926247675,-1.161073373,0.04423707686
4068266,-2.118087376,-0.8232288826,-3.829922766,1.376954774,-1.302156269,2.352155532,4.825636102,-0.1484712863,-0.6169238135,0.779037379,-0.5527059233,-1.97658485,-1.469308229,-1.431548289,-0.7147806751,-0.5909622298,0.8271284934,0.1458187183,-1.00661603,0.784364178,0.2986004777,1.020201298,-3.417011995
4068285,3.185034314,-2.983789399,-1.049685788,0.4380559311,-3.39669637,0.4408905514,-1.592177001,-1.437928959,3.185834872,1.335662359,-1.110227091,-0.7199637182,-0.3065785513,-0.9563810751,-0.5334759818,-1.075541251,-1.660519888,0.9133082504,-0.1088088177,-1.558088526,1.325363877,0.5462911255,-1.799677081
4068289,4.99535024,5.3663737,1.627991061,1.219248889,0.8850512574,6.829956445,0.4110129022,3.113121736,-0.08623801995,-0.4545397709,-2.611531507,-0.7176164022,2.621089085,-0.3333370444,-0.3051937924,-0.3895824567,0.5455266989,-1.205678344,0.4240278475,-2.573193384,-0.2251211631,-0.4542006275,-3.160024321
4068294,4.868168822,1.728933898,-0.1848667194,-1.305814527,-0.826443542,4.265369326,5.301056595,0.8978089533,1.842305264,0.02245534227,-2.966441306,-1.78707957,0.4537592901,-0.5470845889,-0.4942752223,-0.8074337405,0.05273049737,-0.3711960895,-1.039319175,-0.8001857518,-1.034703081,0.7268142275,-3.083085903
4068304,-0.2284270242,-1.237282334,-1.80927419,-0.6738613362,-1.562082671,-0.2576849497,2.751944724,-2.559655121,-1.082519487,1.45019164,0.03442373248,-1.128229988,-0.7382580362,-0.1008120218,-1.185124726,0.1997477001,0.8562943351,0.4398031745,-0.235097914,0.6537423383,0.6422308649,1.230841456,-3.526366881
4068311,7.099285518,4.154823431,1.91846856,0.3816624943,0.5138563131,6.905795751,0.06020025088,1.853421518,0.8463358159,-0.2939581329,-3.045963521,-0.4426472319,2.545822428,-0.4226989531,-0.3945654403,-0.7450008956,0.2094513796,-1.158701367,-0.1423429705,-3.250566256,-0.4717663128,-0.6638359066,-2.701736481
4068314,-3.545117352,-0.8853855101,-1.571920931,0.4487670052,-2.024527278,-1.577553034,-3.812521425,-4.138273186,-4.394576843,2.217635746,3.463858066,0.357960337,0.2010606898,0.8904390284,-0.8632988801,0.8068248071,2.020669395,0.439469604,1.47875083,-0.2056938998,2.539293046,0.5114303973,-4.695435609
4068320,-0.05351369089,-0.8367928801,-1.268037803,-3.10382785,-3.296493996,1.168536943,-1.864829829,-2.065107626,-0.4901946072,1.232401833,1.787370489,-0.4810161188,0.3626969661,1.34777149,0.6807541841,-0.3536185064,0.9676823878,0.001475345337,0.2675460138,-1.071075557,1.083070547,0.4265409612,-4.247405844
4068322,-3.316189708,2.080286099,-0.1675136185,-2.355278443,-1.660861321,-0.9588721339,2.485072994,-2.887720077,-4.420924583,1.373360202,2.392777434,-1.010975507,-0.4140243242,1.869652696,-0.6060429191,1.758067456,2.672900001,-0.0740153982,0.9573910673,1.122029091,0.571705322,1.596684164,-6.281353827
4068326,-0.09250519079,-4.300239877,-3.074054652,-1.476886071,1.01979814,0.1661574359,-3.39322755,0.07582136376,0.558154165,0.08398918575,-0.5359304681,-0.8997226076,1.149891175,-0.198640512,-0.4787442357,0.882786111,-0.1672498913,1.120797591,0.4261922666,1.105583873,2.217066696,-0.9859044149,5.190460688
4068330,-3.190286063,0.9472051482,-1.010197707,-2.238170969,-1.618551219,0.236745432,-3.081984258,-2.17653253,-4.064048839,1.39410049,3.392461822,-0.1748961831,1.008894498,2.137960487,0.2928775928,0.9641326898,2.36648323,-0.1836227781,1.621543119,-0.3484163067,1.673150585,0.4367154224,-4.911670672
4068333,-1.058557294,1.710131037,-2.29825494,0.2354922131,1.765519991,2.513595376,6.726902828,4.455166449,0.3971718425,-0.3558690238,-2.927665268,-3.212117303,0.09461728138,-1.158723456,-0.4711139951,0.6874846948,0.3747045532,0.2739006362,-0.2596791329,2.287270909,-0.393746349,0.8248431999,-0.5459157412
4068335,-0.658799511,-1.711463773,0.3785982567,-2.969069964,-3.75462849,-1.254095193,-4.422104312,-5.580987753,-2.781728504,2.225050144,3.603689021,0.708840519,0.1916729255,2.069887777,-0.2198024801,0.6562968113,1.582836459,0.4524426985,1.16983179,-1.035840857,1.82800522,0.5338617157,-5.102592612
4068340,-3.300916825,-0.5222995338,1.852636227,-1.135967672,-1.214259225,-4.105919911,-3.938362249,-5.692588176,-5.798939372,2.296513383,3.661790594,0.738444294,0.3273626822,1.677485365,-1.489167907,2.848879267,2.413286826,0.9178851034,2.282986748,1.143561939,2.632509128,0.6371379516,-4.005393602
4068360,4.60235281,5.215634313,2.799454956,0.2430494361,-0.4813479467,5.662052869,-0.5548909672,1.588548405,-0.5870231174,-0.09521338528,-1.462312391,-0.3566329047,2.441924331,0.1452238278,-0.06099692601,-0.2138322397,0.6888641939,-1.087337943,0.6967657836,-2.806041686,-0.01557878169,-0.2347112575,-4.432764469
4068364,4.903236577,3.315682554,-1.285689921,0.7248925777,1.439574511,8.474266657,4.529266875,6.814330388,3.339418765,-1.349545253,-4.797716882,-2.584617445,1.787903138,-1.804687402,0.3666513365,-1.402299363,-0.7497323422,-0.7827531867,-0.9886480074,-1.20531115,-1.229703045,-0.5041599989,0.004325118977
4068367,1.348943898,0.7034209991,-3.157121018,-0.2172652266,1.851773577,6.290957985,0.7350006316,8.183890754,3.712818521,-1.71792032,-3.727812704,-2.647415157,2.304812978,-1.351032378,1.213547304,-0.5439300829,-1.318545294,0.04754940862,-0.0943570183,0.07504397691,0.3096728769,-1.112289539,4.17354338
4068369,-1.824581852,-4.193692588,-2.57187376,-6.964790952,-6.637865864,-2.905115346,-0.750741615,-5.131078636,0.5337039321,1.837951045,3.670949507,-0.85922933,-1.091643998,2.762009632,1.140373899,-0.5667978673,0.5737389315,0.8609203154,0.1933434875,0.2489015942,1.027047449,1.947575242,-5.238429688
4068372,-1.702647324,-3.314880164,-1.560017371,-5.035798174,-6.783515859,-1.162089759,-3.869084467,-3.250717435,1.223486651,1.533533682,3.573893374,-0.3208282952,-0.1782638467,2.072492091,1.498927382,-0.8792202899,-0.2389261333,0.6721665339,0.8897273568,-1.077023889,1.820523329,1.081473811,-4.532109728
4068387,0.2892115182,5.079573451,1.610963544,4.8004406,5.238641846,2.588326181,0.02503692945,0.5080752884,-6.147764186,0.7820514464,-1.531287401,-0.2152243728,2.002299836,-0.9067110467,-2.83632899,2.609116765,2.704660822,-0.6558358894,1.488099618,0.1823156337,1.226834798,-0.6494299418,-1.76057073
4068394,-2.234963096,-3.71628078,-2.944997389,-0.1874021389,-3.348137712,-1.009533461,-4.317002519,-6.139308445,-3.142579155,2.646331761,3.566070153,0.6673527428,-0.9133960783,0.7548152852,-0.9069818874,-0.2203283381,1.798359387,0.6063199059,0.3773032691,-0.9570787444,2.378267746,0.3572625481,-4.648520003
4068398,-0.3040563953,1.087517529,-1.954520668,7.934252111,5.282493684,3.426258172,-0.8430933587,-1.07500072,-5.631638256,1.401878771,-1.635179242,-0.0779150786,0.5787546373,-2.741046858,-3.726418745,1.478803334,2.669645276,-0.2031859552,0.2218528115,-0.0763217076,1.911659295,-1.382009869,-0.429682136
4068416,-4.573811234,-1.995716,0.4692067728,-4.945232011,-4.944741516,-5.046287928,-5.823334153,-7.012773677,-4.607850865,2.43065835,6.142056927,0.9301405892,0.1399859222,3.476650906,0.2014756272,1.712101328,2.233580122,0.710234471,2.414893963,0.2443479466,2.956311699,1.208690559,-5.914251385
4068434,3.431038368,-1.350386629,-2.167569173,-0.9040359675,-0.7394883469,4.874124171,-2.669025481,-0.3465435649,0.9163402848,0.3432298155,-0.6454566399,-0.3826335255,1.355680523,0.0907865932,0.01841761387,-1.144642011,0.3750818611,-0.2624000074,-0.3296472206,-2.143684057,0.6737335934,-1.085611872,-0.5897331179
4068436,-1.921316414,-0.8701179518,-1.813259872,2.292862943,0.2452509694,0.7264245599,-4.2973235,-1.923342641,-3.311825313,1.478114424,1.517724633,0.04856248233,0.8286946979,-0.2961395996,-1.241366456,0.8117941522,1.4281262,0.2311015575,1.258016143,-0.6075539285,2.608348709,-0.5302859112,-1.816152483
4068463,-2.106110383,1.252907132,-2.334541351,7.057153214,3.028410466,2.109696098,4.736376665,-0.3123688399,-4.052173416,1.33986981,-1.829390818,-1.508362567,-1.180642412,-3.113046832,-3.233497479,1.187715836,1.980703839,0.18938193,-0.428716642,1.281064283,1.00052572,0.2696280867,-2.489987538
4068507,2.565230513,5.220144912,0.2739877309,1.262244464,0.5061739151,7.262835354,1.270411798,4.410521113,0.007796274915,-0.5605089623,-2.114970042,-1.43535904,2.16138345,-0.4974041646,0.306030333,-0.7081801879,0.6231746272,-1.240075654,0.3900679787,-2.123221878,-0.3466368273,-0.3103205998,-3.380882965
4068526,-5.023589391,-2.90430483,-3.171574589,-4.378766869,-4.804216708,-2.734182925,1.358102947,-4.207952977,-1.782610116,1.626868088,3.853815248,-1.16948305,-1.589602685,1.755576605,0.2962841213,0.3462983588,1.452158431,0.6963964609,0.4716099203,1.966843784,1.127102322,1.961059531,-5.023107003
4068546,1.974563259,4.81666695,1.811298736,-2.363368289,-2.585134303,3.74203568,-0.3236710791,1.033562507,-0.6744653567,0.05998475172,0.3848043521,-0.645324991,1.975944864,1.461478196,1.02375117,-0.402322206,0.7586529623,-0.8666858015,1.162886077,-2.04449039,0.1367266752,0.7783586231,-6.091913296
4068557,6.86795018,3.596584203,-0.1580723749,1.666162283,1.520325314,9.203278754,1.152645351,5.861516369,3.179790375,-1.264455253,-4.873513981,-1.621996409,2.597029217,-1.660762554,0.1270472599,-1.563768215,-0.8345011463,-1.081856534,-0.7269604923,-2.801258449,-0.822518812,-1.200708785,0.1367783014
4068559,9.04478835,4.933945985,3.231441596,-0.001670043636,0.9356234456,6.99955962,0.4102536014,2.934631734,1.854848987,-0.5870971205,-4.215452241,-0.6713912047,3.083455563,-0.2667501398,-0.3102468788,-0.5948805687,-0.279049085,-1.080304867,0.08178161587,-3.420920276,-0.8169162713,-0.6259489258,-2.1573542
4068562,4.076865068,0.3030277088,2.146181496,-4.292285736,-4.084090111,1.160876027,-1.602001788,-1.88675134,1.509313435,0.7927555385,0.2535616844,-0.3161277271,1.140570723,1.634806804,0.7050767043,-0.3575177372,-0.3027566146,0.08751907079,0.6249035161,-1.782002186,0.3388929669,0.9306953427,-4.18678152
4068569,0.8420865644,2.867342863,0.3616854688,-0.1302326986,-0.7802145935,4.836673889,-1.520822999,1.424509895,-1.238626884,0.1581439544,0.07854068784,-0.4154236318,1.773625662,0.4319853761,0.4011862997,-0.04494412345,1.022249152,-0.6986049325,0.7507170314,-1.698307825,0.5183566841,-0.1832909864,-3.801836561
4068580,0.7775623665,-1.668788015,-3.45553866,-3.367780048,-4.166650014,4.60015469,-0.7802825989,0.9478078559,2.948141724,0.2556678465,0.6615616895,-1.407202133,0.3472046703,0.6332612576,1.83368579,-2.09979983,-0.3739422307,-0.2110852964,-0.6196067414,-1.855946581,0.2324533989,0.2301376619,-2.952118069
4068605,-1.554819388,0.9239578507,0.4267598362,-2.400215045,-3.828161253,-0.3622950065,-1.472259998,-3.114154876,-2.526114168,1.669946666,2.757732676,-0.2352713126,0.08554983518,1.683285287,0.09447323977,0.2927591116,1.374699907,0.07590861402,1.265893056,-0.6161176019,1.265036069,1.499896204,-6.589026236
4068614,2.186909894,1.277562891,-2.847740218,-0.6872449457,-1.249239305,7.340576908,3.532362237,6.699031386,4.66678348,-1.22381521,-3.313075294,-2.86488524,1.069036648,-1.186264467,1.5280797,-2.004789241,-1.491277899,-0.4380072216,-0.9890969384,-1.051284039,-0.7951838125,-0.01741219293,-0.5719355788
4068643,6.081448014,7.095997288,3.947319876,-0.5747094372,0.4102290687,4.854522312,1.102887562,4.984344868,1.308373989,-0.8679218341,-3.506825771,-1.168610404,3.429593858,0.2302922285,0.233493306,0.06689552336,-0.6035740107,-0.8344003484,1.409271041,-2.113978614,-0.3914189362,0.2629750248,-2.701990685
4068666,0.3989351173,1.015032046,-1.313316991,-1.783766938,-1.403233849,2.304277713,4.807751857,1.938120997,0.9435114368,0.01373083544,-1.425217942,-2.169398375,0.05437275492,-0.151528947,-0.01508283378,-0.2732798122,0.1796148904,0.06815472927,-0.0940726755,0.7009203471,-0.3696536576,1.146340794,-2.694462139
4068687,-2.368347812,-1.746175788,-3.685366133,-1.461459523,0.853832474,0.5247590538,5.377730698,2.175678649,0.4779443651,-0.3102965625,-1.617301444,-2.980136818,-0.5958421333,-0.8537487573,-0.5159520336,0.825057185,0.3851303145,0.9351785936,-0.565555183,3.327064666,0.287355049,0.6784261931,2.099916169
4068718,2.170439414,0.84982316,-0.9537512089,-2.401795338,-1.994332706,2.240333585,6.145687126,2.095893707,2.697315755,-0.0608338267,-2.395445522,-2.594137815,-0.07518175482,-0.34986933,0.2113225784,-0.6469221033,-0.6812135699,0.2171451892,-0.6274140756,0.5388696858,-0.7886972429,1.416436251,-2.631527322
4068765,1.109968959,2.283234504,1.304811558,-2.333077415,-1.92528787,0.1118532738,-2.257452062,-2.348623073,-2.470630429,1.099423671,1.53097965,0.2631868282,1.582906548,1.744175781,-0.2400652587,0.6666677681,1.365702558,-0.2837945429,1.530644356,-1.202115179,1.371622428,0.7368195711,-4.722029571
4068782,0.371192727,-1.288547528,-2.008906693,-6.583650288,-6.184828519,1.283572005,1.843392326,3.563073011,6.156962341,-0.4941825706,-0.1862662711,-2.696744607,0.417297563,1.251948328,2.978206541,-1.678395912,-2.320866606,0.524844296,0.1043399489,-0.3399384682,-0.03904738474,1.56886029,-2.279765137
4068790,-1.307681937,1.851820889,2.357382327,-4.747287878,-4.140983345,-1.275546778,-2.995578113,-0.4510893988,-1.018711677,0.6683667639,2.536866022,-0.32284068,1.649885514,2.78415702,1.396641856,0.9833858155,0.3055551762,0.3969607705,2.470558806,-0.299996779,1.419113286,1.347422068,-4.66056581
4068820,2.878803899,-0.1591269979,-2.284810473,0.3398806037,0.4972721821,5.56317892,-0.792335705,1.367430095,0.9276859664,0.0383598477,-1.656716402,-0.8875482075,1.383603972,-0.708543379,-0.07043993473,-0.8505051099,0.3500793706,-0.4218480476,-0.480862026,-1.643373288,0.444652428,-0.9098939722,-0.4773280072
4068838,1.36975084,0.2045571523,1.213593584,-2.403764088,-2.295638496,1.041772478,-4.698056605,-0.9711866377,-0.5305851831,0.862590638,1.187500939,0.2022547712,1.886627315,1.390131827,0.5143681288,0.3386301669,0.3047581987,0.1362264832,1.555627096,-1.796209923,1.739245965,-0.129758348,-2.59579127
4068907,-0.4876651487,0.2357116728,-3.422586017,0.2824855977,-0.3332755978,5.577492165,0.1199636744,3.756180921,1.054271652,-0.3980156099,-0.9953653068,-1.834026738,0.9352936131,-0.7722106967,0.7641754027,-1.011463205,0.1504963594,-0.1764721973,-0.2549301619,-0.3802767895,0.4909359082,-0.2839266211,-0.6067519364
4068934,-5.498211726,-4.815903502,-3.601848588,-5.106776995,-6.006877495,-4.159611112,0.4006833516,-4.730754655,-0.7666737724,2.14573305,4.183413783,-1.369891798,-2.079985913,1.998127728,0.6516455071,0.2126912913,0.7193194821,1.36769787,0.3541065482,2.020237461,1.727617843,2.184839658,-4.824872744
4068936,2.883438133,1.609363463,4.208614465,-3.974823046,-3.943263532,1.627123877,-2.660043975,-0.7271078445,0.8968088583,0.2348306517,0.7263990677,-0.07213364785,1.492016454,1.86665723,1.22331662,0.4662480379,-0.2359295162,0.07752556943,1.192322061,-1.786385412,0.5017334368,0.6643394622,-4.378601624
4068941,5.589365941,3.711190077,-0.9735647303,1.678165313,1.781248363,9.29633327,1.330281555,6.795033425,2.995950154,-1.289748223,-4.606159239,-1.84954032,2.747440833,-1.617609541,0.4887973412,-1.57179745,-0.8099174822,-0.9899607642,-0.547145329,-2.547301361,-0.6127140933,-1.196807888,0.2784761108
4069023,6.201727329,0.1205998964,-0.5994776301,-0.9096203133,1.424741679,5.885977937,-2.508257965,1.993282602,1.876008532,-0.652576388,-2.931105815,-0.5775319403,2.722073815,-0.2923327808,-0.07089616481,-0.5579636386,-0.208498992,-0.3677396511,-0.277149134,-2.123618179,0.4180680628,-1.524663705,2.549273029
4069089,1.230552091,2.959494035,0.467837902,-3.748336223,-4.682146341,2.404835457,2.982680028,2.453500442,3.017873243,-0.3315217936,-0.5215796035,-2.167587904,0.6181755501,0.9746122695,1.523843506,-1.115165226,-0.9317288763,-0.1832660073,0.5077070098,-0.7953968728,-0.4654753536,1.752509881,-5.0988601
4069127,3.812060795,-3.073822704,-0.4220441849,-3.767056804,-4.573791562,-0.006366617999,-2.353698004,-2.399420107,3.264988779,1.023846555,0.1547011012,-0.3550444769,0.3155270133,0.882896706,0.5191535787,-1.017386495,-1.141964558,0.9395197183,0.003228981173,-1.677337197,1.066262558,0.644167119,-1.963857958
4069129,7.489051271,1.795941412,3.04429744,-1.884402019,-0.9645815251,4.40402233,-2.579391745,-0.2638835696,1.259532455,0.2009614455,-1.84519708,0.177764723,2.636916712,0.743250071,-0.05137480424,-0.3087473079,-0.2315833736,-0.474754291,0.3722925614,-3.116638874,0.07743255024,-0.5236375261,-2.207197756
4069149,2.257908313,-0.01531754052,-2.541670961,-1.757014265,-2.953978655,5.788392285,1.016556304,4.148321822,4.689741272,-0.549219715,-1.727851095,-2.112198426,0.9198263899,-0.3774884846,1.726672386,-2.118812523,-1.403355719,-0.217996084,-0.6259857793,-1.778649653,-0.3102753879,0.06880904076,-1.624969883
4069154,-0.930210314,0.5090508341,-1.608792482,-0.9856269251,-2.401698501,2.903849476,-1.726987414,-0.4782568337,-1.211750035,0.8141848412,1.429258507,-0.4195917164,0.6952095981,0.6754589842,0.3636144988,-0.6514742065,1.088891413,-0.3870331886,0.5163654531,-1.361806252,1.045169106,0.3300661924,-4.304694898
4069196,-0.471671612,2.280515752,3.932281399,-3.263524634,-2.569310166,-1.681710443,-4.138896826,-1.114604734,-2.103160042,0.8422556682,2.119618105,0.3775671587,2.051435935,2.42792427,0.4845723677,1.912725596,0.6536956619,0.3239285797,2.912747547,-0.349662762,1.769717588,0.8439533027,-3.750822273
4069258,8.380874249,4.344710616,2.54688326,3.090618706,1.483652143,6.762643003,-0.5721493434,1.532701809,0.3722088284,-0.007693201883,-4.016548535,-0.1979831927,2.501394511,-1.457530322,-1.464131307,-0.5685275701,0.1426595632,-0.9782307958,0.0414229691,-3.574688773,-0.1886686627,-0.8011695756,-2.26034524
4069281,-2.737510529,-2.505429127,-3.043921896,-4.429732179,-5.583994966,0.4221769958,-1.355189612,-0.6326658851,1.466662844,0.7443664363,2.60987827,-1.344963212,-0.4091949351,1.525408283,1.797644387,-1.150111603,-0.1571682317,0.6138568162,0.4704052553,-0.05915324654,1.272689321,1.285544794,-3.794265355
4069322,-0.6333296773,-2.325871554,0.1602182458,-3.187454634,-3.608750481,-1.439845186,-4.235897849,-4.514571391,-1.752239543,1.837876948,2.935915996,0.3556833115,0.3035188141,1.916433205,0.02670214479,0.7574497709,0.8307850151,0.7643541894,0.9971964534,-0.7057633898,1.778796595,0.5661952848,-4.113355321
4069329,3.231571273,-1.63597297,-0.04137762184,-6.537331103,-5.216156718,0.8595500178,-2.934060932,-0.2500263939,3.94735366,0.275233379,0.7390876385,-0.5814892098,1.706238545,2.177229966,2.167379918,-1.165979915,-1.285281472,0.3691303691,0.5773758825,-1.979008423,0.6532707303,0.6085394682,-2.17375284
4069348,-4.084987159,-5.808047721,-3.625466267,-5.684724088,-3.716734744,-3.670880024,-3.002903707,-2.926755422,0.1588568373,1.092728271,3.231761215,-0.9859552957,-0.5036887915,1.989283498,0.7203954699,0.727411736,0.1463101523,1.676762215,0.9775833222,2.207958457,2.064039174,0.9063596892,0.7012818801
4069385,-0.6757193408,0.09772749362,0.9953491849,0.7137953607,-1.696347291,-1.316603157,-4.004093213,-3.798911727,-3.508394503,1.907487165,1.961557517,0.6155529116,0.5909695383,0.4085836333,-1.288745387,1.233204218,1.303239557,0.2568815259,1.796566877,-0.8202772232,2.435176682,0.3507575778,-4.055752036
4069506,4.658123508,1.43161646,5.483090418,-5.851649293,-5.633466503,-0.6372434334,-2.877794402,-1.950202207,2.195411909,0.6002561115,0.750052117,0.08884649406,1.641452206,2.562760728,1.233776337,0.3465614192,-1.019835013,0.3816307935,1.624630023,-2.045899257,0.5828320814,1.352016553,-4.823630577
4069515,0.2369287788,3.040021716,-1.578524297,-0.2970958596,-0.3867736818,4.679639623,6.425666393,5.222239923,1.734651982,-0.7753128911,-2.784909335,-3.030810387,0.430100777,-0.9539273942,0.4601395757,-0.4850473125,-0.2964170883,-0.2422918263,-0.3937483303,0.7223841769,-0.828134803,0.9837014572,-2.287048241
4069590,-0.2974387232,0.9217691114,0.3179724551,0.9236287571,0.1518803773,-0.2027482761,-4.121327891,-2.526743254,-3.860479896,1.613238583,1.406340282,0.4012075726,1.284746341,0.7613204279,-1.226122,1.308262433,1.640046957,0.139489144,1.747388837,-0.7599530862,2.082369203,-0.1033535289,-3.018658892
4069620,4.948619718,1.792360232,-0.6855292003,1.169352445,2.605496938,5.349718946,3.282490008,1.229844961,-0.1532990916,0.174555885,-3.548025104,-1.320563059,1.214208837,-1.14051455,-1.407607058,-0.1543959317,0.8888266335,-0.4655353307,-1.053913952,-0.9779272761,-0.539583852,-0.4958003302,-1.010679823
4069643,4.722711225,1.800204365,0.9694789805,4.461311449,6.491046687,2.987012662,-1.474598211,-0.6518793765,-4.072970859,1.003698876,-3.234287765,0.273280562,2.389211121,-1.470885963,-3.474510087,2.18768153,1.916708628,-0.1569338555,0.4026086723,-0.6932415843,1.312918115,-1.789864238,1.321542338
4069671,-5.248340863,-5.345993714,-2.811856451,-7.450814431,-7.680963945,-4.886748756,-4.343206619,-5.983307099,-0.7711285715,2.325487474,6.234974072,-0.1320303148,-1.021376549,3.532108913,1.657729152,0.005558043739,0.8076983463,1.339889245,1.365022053,0.6192365271,2.376668297,1.866822695,-5.243701076
4069695,-3.147807549,0.6955533078,0.7146081175,-2.765588371,-4.010324352,-1.628672027,-0.181270768,-4.1384249,-3.603547331,1.566812604,3.465172337,-0.2967292197,-0.4866253159,1.731670717,-0.1776940976,1.110850036,2.083757046,0.1841789017,1.321206434,0.437353806,1.384828745,1.84423731,-6.74854144
4069736,0.6111841134,1.571825007,-2.870123939,0.1381375113,-0.1747672849,5.326698555,6.62109654,3.258097072,1.084407272,-0.3267370549,-2.524158609,-2.797193129,-0.3168378928,-1.352303885,-0.08634037593,-0.8741372496,0.4095941126,-0.3601520404,-1.168487033,0.5108075658,-1.076487869,0.7357116775,-2.605672806
4069742,-4.294833841,-3.504697306,-3.306196726,0.1606432323,-1.800959979,-1.679413857,-3.232938739,-3.651712969,-2.769448865,2.090345601,3.049815444,-0.3137284147,-0.7247185468,0.1806854346,-0.5837523944,0.6774141435,1.449458859,0.875102898,0.830915452,0.6686355651,2.659522337,0.2113044108,-2.518639035
4069753,2.886540175,-0.3833642807,-0.5689582609,-2.043557657,-2.272033252,4.185587856,-0.6734357267,-0.6586699073,0.8698105519,0.3803294053,-0.2451972682,-0.7397223042,0.6681639748,0.4319625101,0.4044322657,-1.02938534,0.3138851119,-0.1258945131,-0.3998703034,-1.357286062,0.06296046906,0.09977721589,-2.944304622
4069831,2.389556046,2.551198362,-1.809809763,4.565876005,5.841183725,6.573385212,0.3338713527,3.768267926,-2.107445092,0.03708666985,-3.533184849,-1.167546477,2.23112553,-1.903999514,-1.759112146,0.7836500129,1.444153138,-0.5981810497,-0.1155887312,-0.6153210454,0.5329527044,-1.749254711,1.511927509
4069958,0.7228909416,1.199966162,-3.61665685,4.734207395,1.437347504,7.007034309,2.955945718,3.592224782,0.1882102703,-0.1215014021,-2.749062361,-1.869089609,0.1846440716,-2.710426967,-0.9453944256,-1.167935675,0.4726478784,-0.5946674342,-1.071050538,-0.8350031209,0.07666054997,-0.5798893414,-1.17976972
4069969,-1.006737429,1.485812277,-1.15144511,3.41725914,-0.07225175481,2.940599421,-0.5764712605,1.986395103,-1.120268826,0.4849642601,-0.601026237,-1.085571999,0.6127566565,-1.349042959,-0.6543574894,0.08094454487,0.3787024591,0.1204254783,0.7761336168,-0.5520681945,1.417068353,-0.02935922724,-2.245237823
4069977,0.7472920215,-1.938573911,1.4377061,-4.897159055,-4.625832617,-2.764939281,-5.58575093,-5.880440213,-1.690187101,2.138081076,3.630633087,0.763029242,0.7355518076,2.891742512,0.06713074004,0.476366604,0.942740167,0.5683231824,1.755590151,-1.294578979,2.125264049,0.780158659,-4.778900409
4070013,1.962212109,5.745167253,4.108366259,-1.36350137,-0.6616541067,2.711196414,0.1835238861,3.956726101,0.03950298994,-0.546193657,-1.335722652,-1.068250674,2.627859761,0.8341314606,0.7120561122,1.154578414,-0.1664224399,-0.3094577701,1.904740554,-0.7538037714,0.2804270562,0.5810431954,-3.078727772
4070122,9.01796411,4.095290321,2.672847787,-1.121153431,1.281524791,6.359184568,0.7718647857,7.009249027,5.038282585,-1.651858528,-5.833068349,-1.690929289,3.825973206,-0.6248153534,0.6689693991,-0.6036832471,-2.240658183,-0.4009559392,0.405371804,-2.331116442,-0.6950653656,-0.7324638929,1.659387715
4070124,5.004308073,2.425451281,3.862590943,1.703369082,1.596700572,1.499620646,-2.718133619,-1.852740994,-2.545313853,1.1012361,-1.53091089,0.6047970005,2.074786861,-0.1316097483,-2.102156995,1.545671007,0.9075066166,-0.08210315079,1.292310854,-1.59852175,1.218425443,-0.4770284304,-2.067576323
4070147,0.4145732715,0.995969755,1.180873934,-2.251397522,-2.871479384,0.3950938825,-0.120250686,-3.349453722,-2.238411602,1.291579835,1.523438701,0.02760876813,0.2201262243,1.370502387,-0.351862209,0.4615443215,1.55926788,-0.09622704753,0.6810017218,-0.7070765479,0.5866746212,1.132845637,-5.710281476
4070179,-3.954331158,-4.963977349,-2.904690477,-7.262388042,-8.000975097,-3.649897676,-4.209165591,-4.69976077,0.8493943574,1.854560491,5.320991351,-0.2101961568,-0.6919231201,3.154008511,2.13998093,-0.6625149625,0.02408264709,0.9499602722,1.046644447,-0.2264795288,2.285347571,1.652999157,-4.773765974
4070245,0.8182240778,3.384042701,0.45079273,-2.140523389,-3.313966025,2.449858895,4.650316023,1.3845517,1.101662842,0.1073850615,-0.777106281,-2.062154846,0.1104410636,0.3427666295,0.599225178,-0.466623716,0.04407057365,-0.3083252226,0.1874160228,-0.2062758321,-0.5976159753,1.736901446,-5.602426148
4070260,3.336756344,-0.742922288,-1.878187406,1.084624028,3.932454345,4.323964478,-1.795896057,1.495788533,-0.3539330782,-0.09201710504,-2.612728633,-0.813170692,2.071460637,-1.009999953,-1.210357583,0.6205208471,0.6509739686,-0.02582416732,-0.1904091233,-0.4396437572,1.020906341,-1.821662421,3.71928997
4070344,5.023583014,0.913171983,-0.3399097521,-2.427197735,-1.759543075,4.137021566,3.805302292,2.801851388,4.092764128,-0.3443282424,-3.178417026,-2.056812562,0.8346593958,-0.4061140555,0.5988376815,-1.217140798,-1.248041899,-0.1232434471,-0.7703639109,-1.04439707,-0.8742483246,0.6549645817,-1.660063846
4070357,5.795300573,3.616470528,-0.3246687206,0.4717517555,1.367028007,8.509045061,1.764856103,8.670227724,4.767707389,-1.797549475,-5.320498602,-2.397942403,2.936413084,-1.400232833,1.118129618,-1.416395639,-1.829104336,-0.5745181093,-0.2977527021,-2.052599773,-0.8197852789,-0.8363957063,1.271039485
4070363,-1.488065567,0.8854145433,-0.6227072124,-4.401674487,-5.202395256,-0.4830158014,1.394859481,-0.1528101303,1.071933176,0.5557855863,1.579442417,-1.582300983,-0.007427371042,1.513227129,1.356899389,-0.3867576924,-0.2193294009,0.3371361874,1.048661115,0.2539722218,0.6079372158,1.969833688,-5.292583506
4070414,1.509899434,1.440279538,0.8646021839,-2.188072101,-1.432521394,2.303587552,-1.638561133,1.722680648,0.7204290516,0.04637466591,-0.343957826,-0.8092300056,1.944114592,0.9179441288,0.6978945125,0.3651140954,-0.04822498581,0.06914572813,1.037191865,-1.015846557,0.6810189913,0.1186908084,-1.896307374
4070448,0.7222267851,2.076158916,-2.467669042,6.545633847,2.753285416,6.763759156,0.6833553581,4.427388916,-0.568626907,-0.02245642781,-3.154384435,-1.573238509,0.8953510503,-2.987996247,-1.33518248,-0.4105190082,0.2727099313,-0.3909468949,-0.1491778944,-1.097889233,0.8612898566,-1.063915555,-0.2510990514
4070493,-0.7929912628,-1.219696318,-1.76864141,0.006049780983,0.009205098108,0.0275681743,2.063620748,-3.436647826,-2.80411823,1.669384798,0.3269513074,-0.8798025783,-0.760887947,-0.0499640828,-1.645665131,1.071980586,2.019423654,0.332406018,-0.3196670867,0.7725431273,0.7214746808,0.7080939527,-3.218307981
4070536,0.04457166906,0.9862559742,0.151925742,4.837786195,5.233027367,1.688414073,-1.57202276,-2.088276833,-6.105870646,1.520992777,-0.8322987226,0.1654011748,1.024271548,-1.232325271,-3.331455398,2.573327678,2.793122289,0.03730351085,0.6636691323,0.3650324062,1.71316759,-1.308661437,-0.4002065399
4070541,-2.327184545,1.952376631,-1.260163724,2.861346427,1.252484486,1.089457351,3.261066165,0.9894358956,-2.753406431,0.773246767,-0.8906147484,-1.686338987,-0.2270287053,-1.322269,-1.53891485,1.314265431,1.378384416,0.1479491899,0.4665605598,1.370378013,1.10483099,0.6113483507,-2.528873176
4070572,0.3032618974,1.64254469,-0.08727614512,-1.494470824,0.4286504145,1.957065449,-1.412575718,0.8492927292,-1.560635061,0.3779661347,0.2117049757,-0.7481828187,1.758581919,0.9918363058,-0.006229372055,1.205055658,1.059582178,0.002365380643,0.995621697,-0.3299010897,0.9765819613,-0.1989660136,-1.637157952
4070647,-1.184511699,1.750984218,-1.011982553,1.376384436,5.230816447,1.767368192,0.08353259799,2.514976562,-3.671180165,0.4021130768,-1.441645157,-1.354428942,2.00492542,-0.1392735669,-1.487955833,2.686805149,1.935920222,0.1633090155,1.056652567,1.577212529,1.307064505,-0.8609465268,1.349815553
4070673,4.248258095,1.206316118,0.1232940835,-3.868707062,-4.552888531,4.466852729,0.3249845177,3.345794583,5.455576333,-0.7025112904,-1.668104639,-1.750913487,1.416540509,0.6147332762,2.020802279,-1.973851336,-1.917387742,-0.1807388615,0.04453852248,-2.44502097,-0.4407155172,0.6952220316,-2.858935973
4070677,8.20653311,2.406304725,2.784277943,-1.725326019,-1.437448197,5.259557779,-1.012258775,0.7787237244,2.59360791,-0.09026143696,-2.718869647,-0.3837718834,2.315833501,0.2686275347,0.1456997408,-0.9000014533,-0.683657253,-0.6038443025,0.01725104247,-3.365125971,-0.4333729379,-0.1776514098,-2.563433072
4070695,0.3456537359,-2.8206326,-1.065688124,1.188394137,-0.3594210856,-1.032973105,-4.079137948,-6.686132882,-4.314497115,2.505618718,2.053350992,1.162914115,-0.136166977,0.1598587645,-2.289971097,0.9677122038,2.385366113,0.35895557,0.3892974247,-0.9071772534,2.400799382,-0.3598331306,-2.810364389
4070697,7.119918461,6.023656382,3.536327275,0.2529829697,0.482960534,5.846837712,0.3761980844,2.481701283,0.486675459,-0.4042884264,-3.142108112,-0.5682237362,2.986659022,-0.009884129893,-0.407304118,-0.1921001364,0.1832984517,-1.058418289,0.7469365097,-2.915341644,-0.4773379665,-0.2027477288,-3.33548773
4070829,2.572468205,0.3408603895,3.233962808,-5.018014216,-4.694526694,-1.327535909,1.361486174,-2.881330692,1.08056566,0.9426829124,0.4541046855,-0.6903801447,0.0804687429,1.730425021,0.24828214,0.5538869946,-0.2211326779,0.5223463778,0.6276874848,-0.3177630382,0.06483720699,1.879253416,-4.925269831
4070839,4.824922607,1.01426584,1.171983328,-2.213696855,-2.737930642,5.24825172,-2.581989527,0.6114368442,2.139911263,0.1821278393,-0.8148130191,-0.3489534491,1.84999731,0.6433870222,0.9882322947,-1.273098071,-0.3912664977,-0.504871544,-0.03008746884,-3.148203023,0.05123726429,-0.2895701871,-3.144184658
4070842,3.692292618,2.564192066,-0.696377744,3.76929577,6.894692869,5.851026332,-0.3741840784,1.830943223,-3.542721988,0.227798358,-3.487589487,-0.4699142139,2.694301419,-1.34531526,-2.471178817,1.472469449,2.256555345,-0.7159080693,0.001270066924,-0.7987364895,0.6698520767,-2.121492457,1.548499832
4070850,0.1509505878,1.201904919,-2.996144385,6.492451547,3.335771039,5.657152476,2.132104716,0.882552893,-2.91076208,0.8173726552,-2.211843491,-1.082997454,-0.006631153858,-2.934200556,-2.510190906,0.04784349936,1.742179767,-0.4366438254,-0.8080150634,-0.3560674257,0.7688531613,-0.7953833261,-1.486568763
4070869,-3.805585433,-2.656785063,-3.870549313,-3.852778556,-4.025435268,0.4010885327,-3.106796058,-2.069591617,-1.12429171,1.416683258,3.792769903,-0.7834010059,0.09539786282,2.024092836,1.349197669,-0.5825513574,1.142972742,0.3021839379,0.6404663568,-0.4229288473,1.825434771,0.5140310523,-4.089763875
4070913,-3.946681656,-4.855535601,-3.768387465,-1.59061643,-5.939398598,-2.242415619,-4.668470931,-5.176947033,-1.064869557,2.48585435,4.529800931,0.1470531796,-1.31861202,1.145047074,0.4141613871,-0.9030924582,0.6083766746,0.8404200397,0.7403835186,-0.9303893663,2.667497027,0.9882315911,-5.129289514
4070938,3.833007527,0.1907513162,-1.331033289,-2.478423048,-1.607222427,5.720715974,-1.806456494,1.313857343,1.808471163,0.01456106257,-0.8044365933,-0.6703233008,1.866258134,0.9172466109,0.9504611529,-1.332358066,0.04216098683,-0.562309957,-0.4209420961,-2.589702023,0.01471824537,-0.7434005333,-2.113003813
4071123,0.2274416261,-2.821354113,-1.623896216,-3.943407971,-4.190410568,-1.809971151,-0.05407497564,-6.081222075,-1.339514616,2.271659792,2.490362435,-0.2903720688,-0.9134368955,1.789010722,-0.5723446137,-0.2401622657,1.354155417,0.6027501011,0.02512332196,-0.3178473155,0.8092868422,1.343146081,-5.363809961
4071195,-1.160625269,-2.985117818,-1.583647187,-3.220353455,-2.394165889,-2.116214683,-2.666460711,-4.497130254,-1.763898069,2.001421351,2.573044415,-0.1294633306,0.01092971616,1.642444314,-0.4790056529,0.9052035246,1.387767906,0.8079612488,0.9804606805,0.1687004205,1.575884525,0.5897311258,-2.939110675
4071200,5.095463485,2.682384489,0.1368073186,0.4011440517,0.3399672753,6.835261179,-1.415189287,1.761172029,0.4116268481,-0.02418979846,-1.995909906,-0.3245704715,2.491604389,-0.3500023607,-0.06093460228,-0.9356328093,0.5028200615,-1.008315642,0.001499018348,-3.039931387,0.09427126951,-0.8937064818,-2.131230495
4071227,2.761181252,3.170633984,1.135527151,0.4346093733,1.668923256,4.884470014,-0.185328466,4.443485232,0.4371038676,-0.5586072715,-2.662369396,-1.215050567,2.543983819,-0.4157392234,0.1460349916,0.5661862008,-0.02586760429,-0.2854594879,0.6494869988,-1.003732343,0.3197447465,-0.6538945107,-0.1885507478
4071229,-3.551283981,-4.728727208,-1.42427897,-6.263894228,-7.060871933,-4.994501487,-5.284120548,-6.150546035,-0.626680471,2.314994756,5.354344555,0.1727126768,-0.5447352282,3.233667355,1.069142008,0.2553248726,0.4371857766,1.356074079,1.707936315,-0.1225484976,2.560449715,1.38673432,-4.887309972
4071267,2.809218012,3.414089258,-1.420206402,0.6838891765,1.206213893,7.510221519,1.888305507,8.486583161,3.463196373,-1.399051391,-4.05738463,-2.613445966,2.547166246,-1.2649769,1.144271255,-1.085000792,-1.266661419,-0.5252165514,0.005170994925,-1.31159671,-0.3907748778,-0.6130221561,0.5934401664
4071425,-0.03901621874,-0.964950805,-2.058014716,0.1604840219,2.777719228,2.115126031,-3.107504237,0.3929551776,-2.028730921,0.2529673479,-0.5513066892,-0.5564618086,1.864443466,0.02857718063,-0.9763881398,1.262965327,1.28429262,0.1894976298,0.869305378,0.1785113432,1.827581084,-1.331476906,2.366089984
4071607,0.110160985,5.54043775,1.729946771,-0.6790435646,-0.8721603897,2.173315567,5.222559855,1.175353807,-2.0897499,0.2018127272,-0.7496326741,-1.656448057,0.6790805674,0.4748290644,-0.4458137411,0.6908210936,1.339167857,-0.5512671753,0.7968562751,0.3695077721,-0.5715806441,1.661111367,-6.141847459
4071632,6.963632586,0.7023705775,0.7929390706,-3.291431618,-2.681242424,4.824711745,-0.6360551917,3.007605785,5.278379275,-0.4761073064,-2.899350898,-1.276726568,2.131877959,0.3971786218,1.376525977,-1.70090389,-2.041746132,-0.1411313357,-0.1719222094,-2.783856507,-0.340466652,0.05425669174,-0.9373551374
4071711,2.664082838,0.3921525638,-0.2305750985,-2.555920365,-0.7409397331,1.118921612,3.909684796,0.5467881319,0.9642224369,0.3211826595,-1.798313526,-1.858665328,0.3661561959,0.201017737,-0.3821179242,0.3593207008,0.06075074879,0.4664661357,-0.1033197459,0.948311918,-0.2624471462,1.015939416,-1.584192375
4071823,-0.1645621493,-1.442469669,-1.147236365,-1.57634806,1.148868742,0.392402275,-3.108201505,0.5188269088,-0.6871001508,-0.1783813811,-0.2160324504,-0.696510034,1.692165018,0.303079231,-0.4411912542,1.44651964,0.3130129095,0.6778823759,1.09871901,1.125060275,1.968549769,-0.781713824,3.799938781
4072178,3.228541848,1.427737981,0.3755061699,-1.816740232,-2.391801114,3.286210467,-1.910295003,-1.874043264,-0.7343817663,0.927369415,0.7250147705,0.01719397839,1.204637709,1.040367712,0.03325115335,-0.7763395393,0.9489739449,-0.540646086,0.3554432932,-2.475382997,0.533911791,0.2109541912,-4.939410555
4072183,7.366530385,4.572192594,0.6855303176,0.3474956708,2.263473077,8.532605155,2.396459483,9.953000595,5.577771831,-2.121942271,-6.658495748,-2.638327296,3.610856222,-1.565805916,0.96696041,-1.122524102,-2.309587183,-0.6105980837,-0.1481596067,-2.004092828,-0.9779637366,-0.9391887154,2.432367333
4072195,7.118847554,3.691468076,4.169593135,-3.294751717,-2.504721896,2.664068048,-0.6309219623,1.274440093,2.633586065,-0.3495046386,-2.106524906,-0.5905925179,2.616206879,1.225568525,0.5721169621,-0.28250752,-1.065055704,-0.2151561186,1.102012695,-2.45914769,-0.1985426141,0.6061589218,-3.047648269
4072197,-6.340205294,-5.633124456,-5.141037565,2.057434383,-0.2573623573,-2.744606792,-3.861192601,-4.510676682,-4.149851567,2.015728013,3.304743285,-0.2403460001,-1.252488521,-0.7650569287,-1.815602701,1.284574135,1.898890896,1.309424829,0.8469154134,2.24367923,3.607002167,-0.2756867176,0.7910983066
4072216,-3.368610454,1.421667328,1.517098423,-2.849659835,-4.720081082,-2.384440533,-2.421104185,-4.253605057,-3.798112913,1.839835086,4.358627106,0.1489601495,-0.07731378702,2.288074356,0.2343625628,1.089662008,1.731276209,0.04573320586,2.081611986,-0.1609682206,1.781088934,1.781549505,-7.689840496
4072827,-1.942891479,0.9064083139,-0.9516910639,3.229662057,-0.6971839022,0.7437599259,0.3625890926,-2.247064157,-3.762063611,1.892623971,0.8349572352,-0.473020583,-0.5288650211,-0.9207727295,-1.736158741,0.694085887,1.637784021,0.05725464859,0.837797738,-0.1019798662,1.463600687,0.6394860896,-5.037453619
4072832,3.62699305,0.4250639522,1.199137427,-6.328241819,-5.598353841,2.138998401,-0.4546793455,4.117240075,6.649967695,-0.8392063671,-1.148992543,-1.97780582,1.751577677,1.552688186,2.834928713,-1.397105077,-2.879703195,0.4554403821,0.7476671993,-1.481081234,-0.06494134116,1.110809076,-1.650096962
4072833,6.874577064,2.20713957,0.1077308358,-0.1728261653,-0.6581723453,7.712312067,0.0626215298,3.439675788,3.551359279,-0.64891959,-3.422428821,-1.23303105,2.209243739,-0.6802483595,0.5335321395,-1.806902715,-0.86420013,-0.8432884262,-0.6731762733,-3.207537227,-0.6735644185,-0.6967664887,-1.435378706
4072834,5.198550132,2.062832755,-0.4273609083,2.453075637,5.064019044,6.324310028,-0.5500931807,2.048994746,-1.188328887,-0.07788249724,-3.69031039,-0.5316682002,2.639504308,-1.17101108,-1.716525848,0.6266637661,1.153518559,-0.6679149869,-0.2592529653,-1.547095908,0.2001575469,-1.930122527,1.343300982
4072838,4.494804077,7.058854556,2.968309535,1.080362314,0.2896883682,6.266499106,0.9300179655,2.699932763,-1.1879275,-0.2902025596,-2.138451385,-0.6685696901,2.553830583,-0.03062400124,-0.3851754627,-0.0990558528,0.8232694528,-1.355911797,0.8826927648,-2.607742469,-0.4192697365,-0.01557840863,-5.087245263
4072840,2.7415107,-0.5367323404,4.556397277,-6.486073792,-5.222157311,-2.297011337,-5.879623758,-4.852818698,-0.2699679101,1.421859979,2.849322708,1.030827322,1.620659451,3.351768954,1.022068261,1.009054268,0.1874947733,0.4829997767,1.871246328,-1.866016666,1.635892152,0.6703510637,-4.444943267
4072841,0.486607225,1.373145866,-0.900421796,-0.5681961597,-1.574228651,4.079895921,4.089737211,0.6391915236,-0.09834742707,0.2392331157,-0.7975703433,-1.637089391,-0.3234852627,-0.408492536,-0.1010099577,-0.3955449572,0.8077495928,-0.3132205596,-0.581862432,-0.2061395711,-0.4595530643,0.7919200025,-4.142511906
4072853,6.492531177,-0.5095886698,0.3049668591,-1.955932348,-0.178616894,3.862352357,-1.910733886,1.238337347,3.197611771,-0.2785092123,-2.828226206,-0.700836942,2.099831992,-0.1603985096,0.0590423239,-0.5939078001,-1.034322284,0.009135629206,-0.1965501582,-1.960983738,0.5103580465,-0.8524317298,1.657790197
4072854,2.983991744,5.666921111,0.7255121251,3.290141149,1.297960566,7.524084595,0.6947031998,3.044088259,-1.559059205,-0.1780064617,-2.167732964,-0.8755060492,1.918172683,-1.166651979,-0.6092170717,-0.3862903237,1.218030337,-1.389127613,0.2446698751,-2.422606717,-0.1341046046,-0.4976689882,-3.931574949
4072864,1.130721458,1.456429907,-2.271007705,6.144878259,2.017714631,6.021478022,0.1993358831,1.26483702,-1.886988314,0.5889413223,-1.908404433,-0.8226581083,0.3941684719,-2.596438892,-1.847764156,-0.4998067985,1.203887452,-0.6157078934,-0.4226679938,-1.526274071,0.905774516,-0.8732474813,-1.95808184
4072882,7.264411273,4.936611909,3.700999687,-1.654765265,-0.7352023947,3.967933679,2.511834046,1.082632258,1.05052498,-0.1667728001,-2.928179505,-0.856178785,2.191771013,0.3783356187,-0.349177382,-0.1079064654,-0.0803733168,-0.6569344902,0.3939954588,-2.034369647,-0.8375377732,0.6473753943,-3.853223929
4073008,-3.325392287,-1.444528907,0.2733362684,-3.717579251,-3.248511316,-2.15367464,-3.91187239,-5.066032079,-3.835889931,1.747885764,4.331765905,0.3226411986,0.11756689,2.57404973,0.01337110539,1.513346496,2.25783286,0.4412904579,1.6043668,0.4282267275,2.006613629,0.6906690312,-4.552491317
4073026,-2.913418511,-1.496009898,-2.625084253,1.635739149,1.190722213,0.1601763319,-2.157553965,-3.863117403,-5.291846539,2.101715362,1.848069066,0.005154142955,-0.1541246259,0.2632528187,-1.947613436,1.413953087,2.978044159,0.1918965117,0.5565479822,0.6585646446,1.940256532,-0.3374995652,-2.512968104
4073113,-1.134197001,0.4943462961,3.730882069,2.149903479,-1.804120444,-2.427318514,-4.099083587,-5.170358254,-4.549806849,2.276708071,2.223456545,1.047479653,0.01000667613,0.2733514221,-1.861408244,2.215922236,1.53895558,0.6217594679,1.993055997,-0.5009063057,2.598281065,0.6098206523,-5.149340515
4073158,-1.569828714,1.086739526,-1.709913148,-4.11246535,-3.060128095,3.057782795,-1.11806212,3.444980777,1.345092137,-0.2977499199,1.092296688,-1.603287301,1.51203975,1.551310508,2.535343478,-0.5164007423,-0.118797213,-0.0349887961,0.8512399108,-0.6971899883,0.5851184963,0.5335618333,-2.786828512
4073317,6.787224085,-0.5904977481,3.214949998,-5.149046427,-2.369167274,0.4701556043,-4.186199848,-0.8789172702,2.954861658,0.09714474275,-1.148123113,0.06180244473,2.726474133,1.636209814,0.6034888724,0.1589663728,-1.250133825,0.5641339778,1.060925983,-1.932935138,0.9811477697,-0.1817652814,0.3720595575
4073447,-0.4665341346,-1.750454102,-2.667320678,-3.038877553,-3.812227282,2.377168725,0.7835115031,-0.2893483978,1.828215975,0.3445664158,0.6690111502,-1.672564987,-0.3818397611,0.680406663,0.9426870256,-0.9766258889,0.107336326,0.2092441174,-0.4623569948,-0.4779539824,0.3515520419,0.8346299185,-3.023347398
4073505,-1.434993881,0.1215365647,-3.222727946,5.928427917,0.3299699393,3.341807564,2.667856985,3.682106987,0.9546039139,0.2104536864,-2.510430842,-2.213273013,-0.6995155159,-3.335281165,-1.09844628,-0.5211843846,-0.7972561536,0.5239637851,-0.201306432,0.2796127645,1.059797468,0.3193668917,-0.7318701593
4073857,-4.310204969,-2.606454823,-0.3216979598,-5.600815466,-6.258166104,-4.870526352,0.2204465678,-5.43750364,-1.640912326,1.989743628,4.423800306,-0.7741517144,-1.557547475,2.433363051,0.4228280079,0.9525876646,0.9851692828,1.042100246,1.258865282,1.652484318,1.433048632,2.445098064,-6.130810132
4073994,3.510843423,1.233790726,4.03213823,2.273641759,-0.3813294593,0.3447279595,-3.415889173,-3.035621453,-2.243975046,1.505672769,-0.4634267981,0.8166021805,1.269166672,-0.3591000272,-1.83142829,1.322883461,0.557681491,0.3052766494,1.308247074,-1.742141854,1.707754984,-0.07542248734,-3.356499417
4074877,1.473089787,2.122443014,-2.016554132,5.605616636,4.201379265,6.1716818,0.3973754354,3.612082341,-1.492074962,-0.0121204267,-3.242745153,-1.264722787,1.418483569,-2.614340308,-1.746766343,0.3398826532,0.8665083037,-0.4977026774,-0.09918232756,-0.8042785463,0.8973369001,-1.462209153,0.5927171791
4074898,5.190162471,1.505680288,-0.7929746797,-1.452273856,-1.184701187,6.763906637,0.5426416057,5.094995419,4.579556356,-0.9634336684,-3.273479815,-1.785184915,2.128463454,-0.477128717,1.365039253,-1.734532285,-1.550782904,-0.4303026993,-0.410954847,-2.300427822,-0.4738857224,-0.3615806811,-0.4368018429
4075001,-1.300794683,2.390607348,-1.006427454,4.740479862,1.294550775,3.35787863,-0.4551282845,0.8783352506,-3.350925745,1.006866764,-0.4475118947,-0.6242406649,0.6706486467,-1.482382027,-1.580132037,0.6666615948,1.631399593,-0.3271102278,0.8219005188,-0.5726180469,1.337782628,-0.2120643151,-3.09506825
4075051,2.242286994,1.753564613,-2.132478495,0.5667389364,1.950401118,6.794585338,1.082309052,8.14556015,3.59332361,-1.615666202,-4.116721529,-2.598073018,2.395643511,-1.510989942,0.9842057996,-0.5514436898,-1.393383069,-0.1288966667,-0.1122551493,-0.3939184761,0.03611937505,-0.9155593451,3.117244756
4075105,-1.57417458,-2.842391072,-2.491584653,-6.660045532,-6.501914149,-0.6425522944,-0.4927753265,0.4395700403,3.940164459,0.2294066995,1.932914657,-1.825525684,0.02890817627,1.945515412,2.417545907,-1.171703267,-1.310527512,0.7907576971,0.5860679994,-0.02174160104,0.8664773713,1.467040377,-2.749841977
4075109,-2.646267185,-2.315679379,-2.771761763,0.3148530398,-2.6623343,0.01765285024,1.154030618,-1.676865313,-0.6432820723,1.069147172,1.022624295,-1.312977864,-1.405878148,-0.6742122614,-0.5199884332,0.002878085939,0.510455922,0.6869533021,-0.07758170174,0.8198854967,1.411485787,1.097656437,-3.159037133
4075374,1.329540293,1.559393702,-0.4147072948,0.7564547072,0.5294783119,2.900537876,-1.429765422,1.277709603,-0.5764928108,0.3557754052,-1.019780744,-0.6968386878,1.748993916,-0.2749947173,-0.419230532,0.2456169536,0.3681094235,-0.204734714,0.8093534431,-1.137714664,1.109958427,-0.3874008301,-1.527752054
4075458,-4.211714357,-2.553906505,-0.436340682,-4.63228375,-4.636109654,-3.792772425,-4.440678111,-4.091026508,-2.248850116,1.869441461,4.566649444,0.09889023441,0.1260146568,2.634255827,0.7274333371,1.133825836,1.031198104,1.087875378,1.972082453,0.60059711,2.47148194,1.225257909,-4.15059404
4075965,2.564648375,-0.4162230196,-1.865507126,-3.289785844,-3.392015386,3.719938102,3.206451374,2.280908607,4.155740009,-0.218447404,-1.698931684,-2.209011239,0.2036596568,0.05020965921,1.241006322,-1.623013852,-1.182082986,0.0525979397,-0.8229345847,-0.6598199291,-0.6506077521,0.9464182716,-2.255779304
4076735,-1.023194246,-1.987504873,3.333880567,-4.536649857,-2.810032837,-4.515218077,-6.213424017,-4.832149567,-2.457186052,1.495108195,3.270267375,0.8178633492,1.185007554,2.495340551,-0.1967248874,2.527120673,0.8383022401,1.248903049,2.439554285,0.6142131762,2.801030329,0.3978939945,-1.050803955
4077205,-5.87492583,-3.420075884,-3.537689283,-4.72516556,-5.55126484,-3.046235979,-1.0173789,-3.493757674,-1.418073704,1.765108363,4.600055426,-0.9204027623,-1.220535566,2.089205565,1.023434821,0.06617787348,1.189014136,0.8119354405,0.9476658565,1.32456647,1.711479685,1.840288921,-4.914238853
4077418,-3.154648334,0.1997289053,-1.876593684,-2.557121924,-3.177230847,0.5915488246,-0.288541492,-2.912559975,-3.065944835,1.407991604,3.348731815,-0.600278743,-0.2095951893,1.61070007,0.1365354967,0.04209014384,2.234578075,-0.08311738264,0.7070202992,0.1873938312,0.8923941611,1.177579264,-6.115898018
4080755,4.38895602,-0.3593285242,-1.034419367,-5.089248057,-4.730878232,4.336769308,0.2410480575,5.154788577,7.668683918,-1.150945395,-2.291830157,-2.248848071,1.590086528,0.6470098396,2.739420066,-2.264962004,-3.024083233,0.1252425718,-0.2205748773,-1.971618665,-0.3084151262,0.4800277437,-0.4400842351
4081094,0.7373904938,-3.305309611,-1.017374397,-7.613363681,-6.56873226,-1.869260465,-4.791142874,-3.260608793,2.072385164,1.135624729,3.287890528,-0.1006833263,1.024030685,3.274455459,1.925842781,-0.8874749164,-0.4974032478,0.8339229949,1.318048947,-1.345467744,1.535709393,1.122645159,-3.43373917
4081107,5.200507993,-1.923944523,-1.37604272,-5.139537488,-5.302245353,3.728660215,-0.5086980669,1.414615656,6.51894679,-0.2316969785,-1.46962417,-1.511983779,0.8820536219,0.7693884704,2.012735576,-2.475880279,-2.174542467,0.1838008068,-0.6630444865,-2.482328558,-0.2481268739,0.5207080527,-1.794947294
4087408,-3.273315778,-1.834098368,-2.486975001,-3.036631374,-0.8513831011,-0.3590876887,-2.47737955,1.659415587,-0.2494810364,0.01523261751,1.230491091,-1.297114476,1.120464367,1.087010714,0.9639032186,1.210672095,0.1507437656,0.7948498752,1.203388151,1.431961421,1.98183991,-0.155811592,1.556438038
4087903,4.328869208,7.562199946,3.360956699,0.2799919505,1.04785139,5.856203252,1.701564013,6.45355537,0.9727560002,-1.280035411,-3.466296443,-1.684716292,3.282911844,-0.1867781905,0.4255428056,0.3654425972,-0.359467033,-1.065512932,1.471685235,-1.58606425,-0.3979057224,0.04272071124,-2.249691165
4088513,2.115032901,-2.300294116,-1.103693691,-4.291661492,-4.565416724,0.1665674672,-0.5257831248,-2.773311445,1.748033171,1.180600909,0.899369823,-0.7126140816,-0.07876606636,1.465587333,0.501133823,-0.9346392734,-0.2376125373,0.4193027986,-0.2464858872,-1.111382937,0.4998616438,0.9665619333,-3.77704951
4088877,3.78783794,-0.9982504854,-0.9748485635,-6.083740053,-5.914076746,2.404520658,3.505566938,2.226758783,6.619583241,-0.4687290017,-1.639177348,-2.416326668,0.06067061041,0.7669464805,2.162841482,-2.109026319,-2.314886622,0.3777331715,-0.7503066833,-0.8992608447,-0.8657698471,1.660112942,-2.477473297
